date,price,volume,log_return,volatility,asset,sentiment_mean,sentiment_std,news_count,sentiment_mean_lag1,sentiment_std_lag1,news_count_lag1,return_lag1
2024-01-19,193.42,4,-0.0016014468100374,0.0103767597604548,MOEX,0.0,0.0,0.0,0.0,0.0,0.0,0.0002591680719442
2024-01-22,199.21,10940750,0.0321357857938945,0.0125677317024183,MOEX,0.0,0.0,0.0,0.0,0.0,0.0,-0.0016014468100374
2024-01-23,198.09,1,0.0095359586425795,0.0114667762330369,MOEX,0.0,0.0,0.0,0.0,0.0,0.0,0.0321357857938945
2024-01-24,198.83,3445540,0.0040316539012008,0.0114659218366521,MOEX,0.0,0.0,0.0,0.0,0.0,0.0,0.0095359586425795
2024-01-25,198.82,5,-5.029548599082026e-05,0.0113321014976167,MOEX,0.0,0.0,0.0,0.0,0.0,0.0,0.0040316539012008
2024-01-26,198.06,21,0.0027301700562324,0.0114604121250405,MOEX,0.0,0.0,0.0,0.0,0.0,0.0,-5.029548599082026e-05
2024-01-29,211.74,34,0.0660320322053296,0.0183585014532834,MOEX,0.0,0.0,0.0,0.0,0.0,0.0,0.0027301700562324
2024-01-30,203.48,7519610,-0.0070031383941769,0.0193442716916355,MOEX,0.0,0.0,0.0,0.0,0.0,0.0,0.0660320322053296
2024-01-31,204.49,22,0.0261093328147036,0.0205171005652898,MOEX,0.0,0.0,0.0,0.0,0.0,0.0,-0.0070031383941769
2024-02-01,203.52,6,0.003445393967907,0.020514935901832,MOEX,0.0,0.0,0.0,0.0,0.0,0.0,0.0261093328147036
2024-02-02,202.88,20,-0.010395307889547,0.0207462465955872,MOEX,0.0,0.0,0.0,0.0,0.0,0.0,0.003445393967907
2024-02-05,200.5,3786690,-0.0079483776629513,0.0208733449138572,MOEX,0.0,0.0,0.0,0.0,0.0,0.0,-0.010395307889547
2024-02-06,198.43,6,-0.0159979415528232,0.0196962804353098,MOEX,0.0,0.0,0.0,0.0,0.0,0.0,-0.0079483776629513
2024-02-07,203.95,3,0.0148187448683573,0.0200285291097999,MOEX,0.0,0.0,0.0,0.0,0.0,0.0,-0.0159979415528232
2024-02-08,197.11,23,-0.0282117444566841,0.0211209801646252,MOEX,0.0,0.0,0.0,0.0,0.0,0.0,0.0148187448683573
2024-02-09,198.99,3897160,0.0041293240264529,0.0211184403760447,MOEX,0.0,0.0,0.0,0.0,0.0,0.0,-0.0282117444566841
2024-02-12,199.01,3279470,-0.0040618865866508,0.014428911395227,MOEX,0.0,0.0,0.0,0.0,0.0,0.0,0.0041293240264529
2024-02-13,203.59,10,-0.0394870501429242,0.0210973132850753,MOEX,0.0,0.0,0.0,0.0,0.0,0.0,-0.0040618865866508
2024-02-14,199.89,13,-0.0012499064197545,0.0199937845485956,MOEX,0.0,0.0,0.0,0.0,0.0,0.0,-0.0394870501429242
2024-02-15,198.3,1,-0.0008065329603451,0.0199479413135891,MOEX,0.0,0.0,0.0,0.0,0.0,0.0,-0.0012499064197545
2024-02-16,195.21,13,-0.0146960515295028,0.0199689378536977,MOEX,0.0,0.0,0.0,0.0,0.0,0.0,-0.0008065329603451
2024-02-19,198.26,3,0.0116177143137885,0.0201525975745569,MOEX,0.0,0.0,0.0,0.0,0.0,0.0,-0.0146960515295028
2024-02-20,189.22,69,-0.0382608484367679,0.0215905201229975,MOEX,0.0,0.0,0.0,0.0,0.0,0.0,0.0116177143137885
2024-02-21,190.37,31,0.0061648902999196,0.021015738447043,MOEX,0.0,0.0,0.0,0.0,0.0,0.0,-0.0382608484367679
2024-02-22,186.67,41,-0.0177343503099351,0.0204788082857387,MOEX,0.0,0.0,0.0,0.0,0.0,0.0,0.0061648902999196
2024-02-26,196.18,8,0.0272828744044676,0.0221321879783785,MOEX,0.0,0.0,0.0,0.0,0.0,0.0,-0.0177343503099351
2024-02-27,199.36,9553610,0.0093736512579118,0.0222613792019529,MOEX,0.0,0.0,0.0,0.0,0.0,0.0,0.0272828744044676
2024-02-28,199.54,2,0.0069399323042569,0.0145951128446905,MOEX,0.0,0.0,0.0,0.0,0.0,0.0,0.0093736512579118
2024-02-29,198.93,14,-0.0027108450335872,0.0141051749349532,MOEX,0.0,0.0,0.0,0.0,0.0,0.0,0.0069399323042569
2024-03-01,200.07,11,0.0024020428904188,0.01403363782885,MOEX,0.0,0.0,0.0,0.0,0.0,0.0,-0.0027108450335872
2024-03-04,199.28,12,-0.0001505306207212,0.0136151819329406,MOEX,0.0,0.0,0.0,0.0,0.0,0.0,0.0024020428904188
2024-03-05,206.99,29743520,0.0295148397314133,0.0149435923866881,MOEX,0.0,0.0,0.0,0.0,0.0,0.0,-0.0001505306207212
2024-03-06,207.15,20,0.0035302403856236,0.0112657358801518,MOEX,0.0,0.0,0.0,0.0,0.0,0.0,0.0295148397314133
2024-03-07,206.48,22,0.0042710218293483,0.0115346498212253,MOEX,0.0,0.0,0.0,0.0,0.0,0.0,0.0035302403856236
2024-03-11,210.29,9,0.0061532784958014,0.0102982137105972,MOEX,0.0,0.0,0.0,0.0,0.0,0.0,0.0042710218293483
2024-03-12,208.6,2908100,-0.000910419574612,0.0084042784436691,MOEX,0.0,0.0,0.0,0.0,0.0,0.0,0.0061532784958014
2024-03-13,208.0,3880600,-0.002880462865354,0.0084591439655534,MOEX,0.0,0.0,0.0,0.0,0.0,0.0,-0.000910419574612
2024-03-14,206.86,10,-0.0081365846932966,0.008430196003239,MOEX,0.0,0.0,0.0,0.0,0.0,0.0,-0.002880462865354
2024-03-15,208.54,3,0.0052405225825702,0.0083698369105362,MOEX,0.0,0.0,0.0,0.0,0.0,0.0,-0.0081365846932966
2024-03-18,210.64,25,-0.0005220816939109,0.0085156044125126,MOEX,0.0,0.0,0.0,0.0,0.0,0.0,0.0052405225825702
2024-03-19,208.23,13,-0.0048864713499827,0.0088096578985159,MOEX,0.0,0.0,0.0,0.0,0.0,0.0,-0.0005220816939109
2024-03-20,213.25,8127250,0.0229578929988892,0.0098702832653472,MOEX,0.0,0.0,0.0,0.0,0.0,0.0,-0.0048864713499827
2024-03-21,212.37,15,-0.0008001694903414,0.0076762255298633,MOEX,0.0,0.0,0.0,0.0,0.0,0.0,0.0229578929988892
2024-03-22,213.17,18,0.0015022771709417,0.0073736891261132,MOEX,0.0,0.0,0.0,0.0,0.0,0.0,-0.0008001694903414
2024-03-25,213.97,6617120,0.008400847247734,0.0071367649671409,MOEX,0.0,0.0,0.0,0.0,0.0,0.0,0.0015022771709417
2024-03-26,215.33,5439470,0.0045148904918672,0.0068977348353075,MOEX,0.0,0.0,0.0,0.0,0.0,0.0,0.008400847247734
2024-03-27,218.73,14,0.0274853350189592,0.0095164688782839,MOEX,0.0,0.0,0.0,0.0,0.0,0.0,0.0045148904918672
2024-03-28,218.07,22,-0.0087659786091641,0.0095838729041506,MOEX,0.0,0.0,0.0,0.0,0.0,0.0,0.0274853350189592
2024-03-29,221.64,8,0.0140853798565496,0.0097530464482251,MOEX,0.0,0.0,0.0,0.0,0.0,0.0,-0.0087659786091641
2024-04-01,224.03,15,0.0058645943127832,0.0095013641572342,MOEX,0.0,0.0,0.0,0.0,0.0,0.0,0.0140853798565496
2024-04-02,229.78,6263970,0.0210219272207985,0.0100201796357022,MOEX,0.0,0.0,0.0,0.0,0.0,0.0,0.0058645943127832
2024-04-03,220.73,13,-0.0241698199817823,0.0117316867969699,MOEX,0.0,0.0,0.0,0.0,0.0,0.0,0.0210219272207985
2024-04-04,232.95,4,0.0163597520414278,0.0144173003624307,MOEX,0.0,0.0,0.0,0.0,0.0,0.0,-0.0241698199817823
2024-04-05,230.79,9,0.0178806486254696,0.0163000423192719,MOEX,0.0,0.0,0.0,0.0,0.0,0.0,0.0163597520414278
2024-04-08,230.4,8369710,-0.0013445817557809,0.0163098099495832,MOEX,0.0,0.0,0.0,0.0,0.0,0.0,0.0178806486254696
2024-04-09,231.75,4,0.0008633715192034,0.0163186403959003,MOEX,0.0,0.0,0.0,0.0,0.0,0.0,-0.0013445817557809
2024-04-10,230.8,6,0.0013006721972413,0.0150808980165367,MOEX,0.0,0.0,0.0,0.0,0.0,0.0,0.0008633715192034
2024-04-11,226.98,5,-0.0085106896679086,0.0152432911449821,MOEX,0.0,0.0,0.0,0.0,0.0,0.0,0.0013006721972413
2024-04-12,229.63,3,0.0117836525679354,0.0151624980547414,MOEX,0.0,0.0,0.0,0.0,0.0,0.0,-0.0085106896679086
2024-04-15,229.4,29,-0.0040458585195437,0.0151664332114716,MOEX,0.0,0.0,0.0,0.0,0.0,0.0,0.0117836525679354
2024-04-16,228.48,2,-0.0071087763112631,0.0145028758870253,MOEX,0.0,0.0,0.0,0.0,0.0,0.0,-0.0040458585195437
2024-04-17,228.76,2350060,-0.0008738967610254,0.0127706408984226,MOEX,0.0,0.0,0.0,0.0,0.0,0.0,-0.0071087763112631
2024-04-18,228.26,9,-0.0021880889216615,0.009620416723838,MOEX,0.0,0.0,0.0,0.0,0.0,0.0,-0.0008738967610254
2024-04-19,227.94,2728920,-0.0022787038782118,0.0063098921587853,MOEX,0.0,0.0,0.0,0.0,0.0,0.0,-0.0021880889216615
2024-04-22,227.47,3056350,-0.0073584493913626,0.0051824896478682,MOEX,0.0,0.0,0.0,0.0,0.0,0.0,-0.0022787038782118
2024-04-23,226.48,2,-0.0090983639741092,0.0054984143724873,MOEX,0.0,0.0,0.0,0.0,0.0,0.0,-0.0073584493913626
2024-04-24,225.88,16,0.0031038024296515,0.0055781756055798,MOEX,0.0,0.0,0.0,0.0,0.0,0.0,-0.0090983639741092
2024-04-25,226.2,2,0.0060750026091088,0.0055941052955118,MOEX,0.0,0.0,0.0,0.0,0.0,0.0,0.0031038024296515
2024-04-26,227.87,9,0.0024605662926226,0.0054214382104044,MOEX,0.0,0.0,0.0,0.0,0.0,0.0,0.0060750026091088
2024-04-27,232.09,5708630,0.0090459185518078,0.0055091378315049,MOEX,0.0,0.0,0.0,0.0,0.0,0.0,0.0024605662926226
2024-04-29,235.56,22,0.0130754330489589,0.0060711786458766,MOEX,0.0,0.0,0.0,0.0,0.0,0.0,0.0090459185518078
2024-04-30,236.2,2694440,0.005135943716005,0.0058784701242664,MOEX,0.0,0.0,0.0,0.0,0.0,0.0,0.0130754330489589
2024-05-02,237.39,8,0.0050254545259497,0.0058980709248301,MOEX,0.0,0.0,0.0,0.0,0.0,0.0,0.005135943716005
2024-05-03,235.28,1,0.0008929521163127,0.0063988258640734,MOEX,0.0,0.0,0.0,0.0,0.0,0.0,0.0050254545259497
2024-05-06,229.36,8770790,-0.0251859105523378,0.0086522611197147,MOEX,0.0,0.0,0.0,0.0,0.0,0.0,0.0008929521163127
2024-05-07,230.95,6,0.0034265176333218,0.0084736081322252,MOEX,0.0,0.0,0.0,0.0,0.0,0.0,-0.0251859105523378
2024-05-08,231.0,7,-0.0074612728347799,0.0083849413051035,MOEX,0.0,0.0,0.0,0.0,0.0,0.0,0.0034265176333218
2024-05-10,234.57,6,0.0157260265901966,0.0088691769036964,MOEX,0.0,0.0,0.0,0.0,0.0,0.0,-0.0074612728347799
2024-05-13,231.5,13,-0.0072308139788565,0.0091610477412536,MOEX,0.0,0.0,0.0,0.0,0.0,0.0,0.0157260265901966
2024-05-14,232.22,2,0.0021554519704367,0.0089429988494495,MOEX,0.0,0.0,0.0,0.0,0.0,0.0,-0.0072308139788565
2024-05-15,232.0,9,-0.0023678840037961,0.0087257297557405,MOEX,0.0,0.0,0.0,0.0,0.0,0.0,0.0021554519704367
2024-05-16,237.0,16,0.018310070826885,0.0092073542901548,MOEX,0.0,0.0,0.0,0.0,0.0,0.0,-0.0023678840037961
2024-05-17,237.66,27,0.004512395637683,0.0091364542879326,MOEX,0.0,0.0,0.0,0.0,0.0,0.0,0.018310070826885
2024-05-20,236.51,6707360,-0.0060700772309479,0.0089613486430459,MOEX,0.0,0.0,0.0,0.0,0.0,0.0,0.004512395637683
2024-05-21,237.04,8,0.0010974632818196,0.0066531246988819,MOEX,0.0,0.0,0.0,0.0,0.0,0.0,-0.0060700772309479
2024-05-22,237.08,14,-0.0041251058200962,0.006776635258115,MOEX,0.0,0.0,0.0,0.0,0.0,0.0,0.0010974632818196
2024-05-23,235.24,62,-0.0096876616952467,0.0067789637689785,MOEX,0.0,0.0,0.0,0.0,0.0,0.0,-0.0041251058200962
2024-05-24,237.0,3652190,0.0,0.0060370064394517,MOEX,0.0,0.0,0.0,0.0,0.0,0.0,-0.0096876616952467
2024-05-27,235.25,3,-0.0060179873096188,0.0057829750397399,MOEX,0.0,0.0,0.0,0.0,0.0,0.0,0.0
2024-05-28,237.62,5,0.0029080201717557,0.0059623711983396,MOEX,0.0,0.0,0.0,0.0,0.0,0.0,-0.0060179873096188
2024-05-29,245.94,67,0.0257411819894021,0.0081494232656677,MOEX,0.0,0.0,0.0,0.0,0.0,0.0,0.0029080201717557
2024-05-30,244.14,5924060,-0.0059623650313338,0.0075434349313328,MOEX,0.0,0.0,0.0,0.0,0.0,0.0,0.0257411819894021
2024-05-31,239.66,8087730,-0.0279378808970162,0.0101762227605253,MOEX,0.0,0.0,0.0,0.0,0.0,0.0,-0.0059623650313338
2024-06-03,236.67,11,-0.0083312776767977,0.0103108422109242,MOEX,0.0,0.0,0.0,0.0,0.0,0.0,-0.0279378808970162
2024-06-04,257.49,23,0.0717179072361781,0.0191630137052911,MOEX,0.0,0.0,0.0,0.0,0.0,0.0,-0.0083312776767977
2024-06-05,245.01,19,-0.0183201969445813,0.0212122111148641,MOEX,0.0,0.0,0.0,0.0,0.0,0.0,0.0717179072361781
2024-06-06,248.84,10,-0.0006026153688581,0.0212849707049949,MOEX,0.0,0.0,0.0,0.0,0.0,0.0,-0.0183201969445813
2024-06-07,258.89,7,0.0381876033625936,0.0226882490606125,MOEX,0.0,0.0,0.0,0.0,0.0,0.0,-0.0006026153688581
2024-06-10,250.77,1,0.0096166145603502,0.0248593303694173,MOEX,0.0,0.0,0.0,0.0,0.0,0.0,0.0381876033625936
2024-06-11,250.94,12,0.0141669872181799,0.0252572601663727,MOEX,0.0,0.0,0.0,0.0,0.0,0.0,0.0096166145603502
2024-06-13,253.68,42,0.006882666305935,0.024652033206427,MOEX,0.0,0.0,0.0,0.0,0.0,0.0,0.0141669872181799
2024-06-14,240.1,27546490,-0.0382430784703556,0.0264448669667603,MOEX,0.0,0.0,0.0,0.0,0.0,0.0,0.006882666305935
2024-06-17,235.5,10277430,-0.0256139424760917,0.0262699026664902,MOEX,0.0,0.0,0.0,0.0,0.0,0.0,-0.0382430784703556
2024-06-18,227.4,15,-0.0477006568541499,0.028466932739483,MOEX,0.0,0.0,0.0,0.0,0.0,0.0,-0.0256139424760917
2024-06-19,230.03,10,-0.0003042618413927,0.0225694339176974,MOEX,0.0,0.0,0.0,0.0,0.0,0.0,-0.0477006568541499
2024-06-20,225.66,37,-0.0182234388585145,0.0217515708459197,MOEX,0.0,0.0,0.0,0.0,0.0,0.0,-0.0003042618413927
2024-06-21,233.52,4006200,0.0099413380878477,0.0224255204154938,MOEX,0.0,0.0,0.0,0.0,0.0,0.0,-0.0182234388585145
2024-06-24,222.99,9,-0.0372801450146199,0.0224398799289281,MOEX,0.0,0.0,0.0,0.0,0.0,0.0,0.0099413380878477
2024-06-25,227.0,5,0.0304592074847086,0.0236094755520369,MOEX,0.0,0.0,0.0,0.0,0.0,0.0,-0.0372801450146199
2024-06-26,227.77,2,0.0069609938318815,0.0232803316687853,MOEX,0.0,0.0,0.0,0.0,0.0,0.0,0.0304592074847086
2024-06-27,228.3,2890540,8.760786724250253e-05,0.0230439938319277,MOEX,0.0,0.0,0.0,0.0,0.0,0.0,0.0069609938318815
2024-06-28,229.1,2801990,0.004812960505009,0.02159927578138,MOEX,0.0,0.0,0.0,0.0,0.0,0.0,8.760786724250253e-05
2024-07-01,231.33,13,0.0178385348240527,0.0211833575446731,MOEX,0.0,0.0,0.0,0.0,0.0,0.0,0.004812960505009
2024-07-02,238.53,11,0.0268960193177107,0.0189608373810016,MOEX,0.0,0.0,0.0,0.0,0.0,0.0,0.0178385348240527
2024-07-03,239.59,1,0.0053987450385722,0.0189704883672009,MOEX,0.0,0.0,0.0,0.0,0.0,0.0,0.0268960193177107
2024-07-04,236.35,3,0.0072187149988187,0.0184449623597454,MOEX,0.0,0.0,0.0,0.0,0.0,0.0,0.0053987450385722
2024-07-05,235.7,4166270,-0.0003817684408709,0.0160687622120414,MOEX,0.0,0.0,0.0,0.0,0.0,0.0,0.0072187149988187
2024-07-08,238.24,3,0.01369305479154,0.0121401649603829,MOEX,0.0,0.0,0.0,0.0,0.0,0.0,-0.0003817684408709
2024-07-09,227.91,8,-0.0187343840156201,0.0124326673928928,MOEX,0.0,0.0,0.0,0.0,0.0,0.0,0.01369305479154
2024-07-10,227.4,12,-0.0035556763608838,0.0123345063403306,MOEX,0.0,0.0,0.0,0.0,0.0,0.0,-0.0187343840156201
2024-07-11,229.75,6741270,0.0350353599282737,0.015768096806703,MOEX,0.0,0.0,0.0,0.0,0.0,0.0,-0.0035556763608838
2024-07-12,227.04,13,-0.0138657224190726,0.0160481430652883,MOEX,0.0,0.0,0.0,0.0,0.0,0.0,0.0350353599282737
2024-07-15,225.45,4398700,-0.0107207697451016,0.0155735198153075,MOEX,0.0,0.0,0.0,0.0,0.0,0.0,-0.0138657224190726
2024-07-16,225.71,2,0.0011525845765721,0.0155400291401523,MOEX,0.0,0.0,0.0,0.0,0.0,0.0,-0.0107207697451016
2024-07-17,227.23,3,0.0045873663438164,0.0141730554273416,MOEX,0.0,0.0,0.0,0.0,0.0,0.0,0.0011525845765721
2024-07-18,230.81,23,0.0137415733545882,0.0138513827819301,MOEX,0.0,0.0,0.0,0.0,0.0,0.0,0.0045873663438164
2024-07-19,232.97,3922140,0.0184111418971537,0.0145379824811026,MOEX,0.0,0.0,0.0,0.0,0.0,0.0,0.0137415733545882
2024-07-22,233.12,1,0.0006436525356845,0.0145406064810784,MOEX,0.0,0.0,0.0,0.0,0.0,0.0,0.0184111418971537
2024-07-23,228.69,6,-0.0304893788779011,0.0158952979926921,MOEX,0.0,0.0,0.0,0.0,0.0,0.0,0.0006436525356845
2024-07-24,234.28,3,0.0104263703841118,0.014756407564596,MOEX,0.0,0.0,0.0,0.0,0.0,0.0,-0.0304893788779011
2024-07-25,232.16,3377040,-0.0006889425005535,0.0148864098131339,MOEX,0.0,0.0,0.0,0.0,0.0,0.0,0.0104263703841118
2024-07-26,237.41,33,0.0252087307612878,0.0125268434400216,MOEX,0.0,0.0,0.0,0.0,0.0,0.0,-0.0006889425005535
2024-07-29,233.51,26,-0.0247437920417286,0.0135311129234543,MOEX,0.0,0.0,0.0,0.0,0.0,0.0,0.0252087307612878
2024-07-30,233.64,2,-0.0055486932236313,0.0133653743735226,MOEX,0.0,0.0,0.0,0.0,0.0,0.0,-0.0247437920417286
2024-07-31,231.71,3344390,-0.0060667526822373,0.0135035210630649,MOEX,0.0,0.0,0.0,0.0,0.0,0.0,-0.0055486932236313
2024-08-01,231.83,11,0.0035866339250085,0.0135234978149178,MOEX,0.0,0.0,0.0,0.0,0.0,0.0,-0.0060667526822373
2024-08-02,229.62,6,8.71042202545573e-05,0.0132036198459706,MOEX,0.0,0.0,0.0,0.0,0.0,0.0,0.0035866339250085
2024-08-05,224.15,28,-0.0268502045339676,0.0138130806120229,MOEX,0.0,0.0,0.0,0.0,0.0,0.0,8.71042202545573e-05
2024-08-06,225.76,3171660,0.011717926858092,0.0121278967791323,MOEX,0.0,0.0,0.0,0.0,0.0,0.0,-0.0268502045339676
2024-08-07,226.63,3532020,0.0042449765270202,0.0113994040591731,MOEX,0.0,0.0,0.0,0.0,0.0,0.0,0.011717926858092
2024-08-08,228.84,4,0.0024939305437869,0.0114727794572112,MOEX,0.0,0.0,0.0,0.0,0.0,0.0,0.0042449765270202
2024-08-09,231.15,5,0.0168401152641666,0.0106665588039887,MOEX,0.0,0.0,0.0,0.0,0.0,0.0,0.0024939305437869
2024-08-12,226.58,11,8.827293998769917e-05,0.0099344666365669,MOEX,0.0,0.0,0.0,0.0,0.0,0.0,0.0168401152641666
2024-08-13,224.72,4,-0.01637463487179,0.0105406205998223,MOEX,0.0,0.0,0.0,0.0,0.0,0.0,8.827293998769917e-05
2024-08-14,224.26,4,-0.0097180769694882,0.0108696471717331,MOEX,0.0,0.0,0.0,0.0,0.0,0.0,-0.01637463487179
2024-08-15,224.62,11,0.0048197165774246,0.0109053700753818,MOEX,0.0,0.0,0.0,0.0,0.0,0.0,-0.0097180769694882
2024-08-16,225.38,1,0.0070797543971398,0.0109124523162619,MOEX,0.0,0.0,0.0,0.0,0.0,0.0,0.0048197165774246
2024-08-19,214.94,21,-0.0285275020567249,0.0117754072088136,MOEX,0.0,0.0,0.0,0.0,0.0,0.0,0.0070797543971398
2024-08-20,210.89,6930060,-0.0168331979231971,0.0117439211682215,MOEX,0.0,0.0,0.0,0.0,0.0,0.0,-0.0285275020567249
2024-08-21,211.82,10,-0.0047568675591893,0.0119484278209302,MOEX,0.0,0.0,0.0,0.0,0.0,0.0,-0.0168331979231971
2024-08-22,210.64,12,0.003090604652027,0.0117521278667411,MOEX,0.0,0.0,0.0,0.0,0.0,0.0,-0.0047568675591893
2024-08-23,204.75,14,-0.0250796843970234,0.0115669679507562,MOEX,0.0,0.0,0.0,0.0,0.0,0.0,0.003090604652027
2024-08-26,213.52,6,0.0359028811742909,0.0145538244307886,MOEX,0.0,0.0,0.0,0.0,0.0,0.0,-0.0250796843970234
2024-08-27,209.82,9,-0.0227587743672301,0.014826936263865,MOEX,0.0,0.0,0.0,0.0,0.0,0.0,0.0359028811742909
2024-08-28,209.7,4503640,-0.0014295928095944,0.0145755226880145,MOEX,0.0,0.0,0.0,0.0,0.0,0.0,-0.0227587743672301
2024-08-29,206.97,23,-0.0131040826817471,0.0147373134802828,MOEX,0.0,0.0,0.0,0.0,0.0,0.0,-0.0014295928095944
2024-08-30,204.2,9,-0.0168985277851601,0.0149805267665834,MOEX,0.0,0.0,0.0,0.0,0.0,0.0,-0.0131040826817471
2024-09-02,192.1,11579710,-0.0502516276266938,0.0176612318600226,MOEX,0.0,0.0,0.0,0.0,0.0,0.0,-0.0168985277851601
2024-09-03,193.25,8648710,-0.0017578331483267,0.0171987392595784,MOEX,0.0,0.0,0.0,0.0,0.0,0.0,-0.0502516276266938
2024-09-04,202.82,12,0.0565437429014887,0.0216967207453302,MOEX,0.0,0.0,0.0,0.0,0.0,0.0,-0.0017578331483267
2024-09-05,197.37,4832440,-0.0151354240651006,0.0219399018418694,MOEX,0.0,0.0,0.0,0.0,0.0,0.0,0.0565437429014887
2024-09-06,197.57,1,0.0010128121592974,0.0219139543908231,MOEX,0.0,0.0,0.0,0.0,0.0,0.0,-0.0151354240651006
2024-09-09,213.64,10,0.0715404473964143,0.0269127953290416,MOEX,0.0,0.0,0.0,0.0,0.0,0.0,0.0010128121592974
2024-09-10,206.25,5233440,-0.0151572732216461,0.026255935455166,MOEX,0.0,0.0,0.0,0.0,0.0,0.0,0.0715404473964143
2024-09-11,204.34,6,0.0013222009222831,0.0258456228510363,MOEX,0.0,0.0,0.0,0.0,0.0,0.0,-0.0151572732216461
2024-09-12,202.04,6,-0.013958744291418,0.0260128940550652,MOEX,0.0,0.0,0.0,0.0,0.0,0.0,0.0013222009222831
2024-09-13,204.02,1,-0.0026433027285583,0.0260438566784305,MOEX,0.0,0.0,0.0,0.0,0.0,0.0,-0.013958744291418
2024-09-16,215.27,9,0.0309952401232004,0.0269238159091806,MOEX,0.0,0.0,0.0,0.0,0.0,0.0,-0.0026433027285583
2024-09-17,215.55,4232880,0.0017180140273805,0.0238595427233422,MOEX,0.0,0.0,0.0,0.0,0.0,0.0,0.0309952401232004
2024-09-18,209.82,9,-0.0269428808898042,0.0248976923667727,MOEX,0.0,0.0,0.0,0.0,0.0,0.0,0.0017180140273805
2024-09-19,211.62,15,0.0073514049684266,0.0215419497063945,MOEX,0.0,0.0,0.0,0.0,0.0,0.0,-0.0269428808898042
2024-09-20,214.29,13,0.013105239348658,0.0209830748191751,MOEX,0.0,0.0,0.0,0.0,0.0,0.0,0.0073514049684266
2024-09-23,218.34,5711250,0.0194234741219995,0.0149457822133014,MOEX,0.0,0.0,0.0,0.0,0.0,0.0,0.013105239348658
2024-09-24,216.04,19,0.0008798537232038,0.0138811520681017,MOEX,0.0,0.0,0.0,0.0,0.0,0.0,0.0194234741219995
2024-09-25,216.75,6,0.00156985903512,0.0135442637323284,MOEX,0.0,0.0,0.0,0.0,0.0,0.0,0.0008798537232038
2024-09-26,214.44,16,-0.010207010764573,0.0133466702780935,MOEX,0.0,0.0,0.0,0.0,0.0,0.0,0.00156985903512
2024-09-27,217.91,14,0.0218045380019166,0.0139414541300662,MOEX,0.0,0.0,0.0,0.0,0.0,0.0,-0.010207010764573
2024-09-30,217.26,4761560,-0.0055081384097922,0.011395302715198,MOEX,0.0,0.0,0.0,0.0,0.0,0.0,0.0218045380019166
2024-10-01,215.03,16,-0.0228499930750642,0.0128702290376029,MOEX,0.0,0.0,0.0,0.0,0.0,0.0,-0.0055081384097922
2024-10-02,215.44,5,0.0013469892187347,0.0112166150767031,MOEX,0.0,0.0,0.0,0.0,0.0,0.0,-0.0228499930750642
2024-10-03,213.38,2,0.0035680789028559,0.0115857191046909,MOEX,0.0,0.0,0.0,0.0,0.0,0.0,0.0013469892187347
2024-10-04,212.12,4895010,0.0034473836413345,0.0109958155175343,MOEX,0.0,0.0,0.0,0.0,0.0,0.0,0.0035680789028559
2024-10-07,209.15,9,-0.0196479275890974,0.0104606394681474,MOEX,0.0,0.0,0.0,0.0,0.0,0.0,0.0034473836413345
2024-10-08,214.07,8,0.0171500080885989,0.0111599762843286,MOEX,0.0,0.0,0.0,0.0,0.0,0.0,-0.0196479275890974
2024-10-09,212.62,2,0.0016945965267828,0.0112895507910979,MOEX,0.0,0.0,0.0,0.0,0.0,0.0,0.0171500080885989
2024-10-10,211.27,1792730,-0.0050518272732836,0.0111257334778966,MOEX,0.0,0.0,0.0,0.0,0.0,0.0,0.0016945965267828
2024-10-11,206.18,6570320,-0.0335280218386748,0.0123736021988033,MOEX,0.0,0.0,0.0,0.0,0.0,0.0,-0.0050518272732836
2024-10-14,208.51,7,0.0115284782594057,0.0127194488257544,MOEX,0.0,0.0,0.0,0.0,0.0,0.0,-0.0335280218386748
2024-10-15,209.76,27,0.0033905622128155,0.0113939127814881,MOEX,0.0,0.0,0.0,0.0,0.0,0.0,0.0115284782594057
2024-10-16,210.13,7,0.0005712381742424,0.0113922145696268,MOEX,0.0,0.0,0.0,0.0,0.0,0.0,0.0033905622128155
2024-10-17,208.0,3,-0.0091884260544061,0.0111532248663677,MOEX,0.0,0.0,0.0,0.0,0.0,0.0,0.0005712381742424
2024-10-18,205.3,3559190,-0.0053921580212782,0.0110762483213052,MOEX,0.0,0.0,0.0,0.0,0.0,0.0,-0.0091884260544061
2024-10-21,206.46,83,0.0104682407857235,0.0104934492327834,MOEX,0.0,0.0,0.0,0.0,0.0,0.0,-0.0053921580212782
2024-10-22,210.07,167,0.025846465055059,0.0114521359052833,MOEX,0.0,0.0,0.0,0.0,0.0,0.0,0.0104682407857235
2024-10-23,202.32,323,-0.0056679715061018,0.0133032735571028,MOEX,0.0,0.0,0.0,0.0,0.0,0.0,0.025846465055059
2024-10-24,201.95,6137120,0.0080042188258037,0.0136065095454352,MOEX,0.0,0.0,0.0,0.0,0.0,0.0,-0.0056679715061018
2024-10-25,204.95,296,0.0060195449339427,0.0115218224213024,MOEX,0.0,0.0,0.0,0.0,0.0,0.0,0.0080042188258037
2024-10-28,195.4,457,-0.0238184757447897,0.0132162581272842,MOEX,0.0,0.0,0.0,0.0,0.0,0.0,0.0060195449339427
2024-10-29,195.82,305,0.00470926341241,0.0131862609729951,MOEX,0.0,0.0,0.0,0.0,0.0,0.0,-0.0238184757447897
2024-10-30,191.61,287,-0.0169219282799246,0.0134208213658571,MOEX,0.0,0.0,0.0,0.0,0.0,0.0,0.00470926341241
2024-10-31,187.66,6214510,-0.0218213475874342,0.0139738993742038,MOEX,0.0,0.0,0.0,0.0,0.0,0.0,-0.0169219282799246
2024-11-01,189.25,352,-0.0027439202483294,0.0144237939056975,MOEX,0.0,0.0,0.0,0.0,0.0,0.0,-0.0218213475874342
2024-11-02,190.03,217,0.0151112337041558,0.0147910532675148,MOEX,0.0,0.0,0.0,0.0,0.0,0.0,-0.0027439202483294
2024-11-05,191.68,268,0.0123886098890373,0.0135877143356209,MOEX,0.0,0.0,0.0,0.0,0.0,0.0,0.0151112337041558
2024-11-06,196.21,9245650,0.0256563304741076,0.0135586476583452,MOEX,0.0,0.0,0.0,0.0,0.0,0.0,0.0123886098890373
2024-11-07,203.54,307,0.0291623985559394,0.015013976964565,MOEX,0.0,0.0,0.0,0.0,0.0,0.0,0.0256563304741076
2024-11-08,212.26,443,0.0433751899057563,0.0177640837209703,MOEX,0.0,0.0,0.0,0.0,0.0,0.0,0.0291623985559394
2024-11-11,217.86,485,0.0343670015318633,0.0171328105482407,MOEX,0.0,0.0,0.0,0.0,0.0,0.0,0.0433751899057563
2024-11-12,212.05,330,-0.0222454203125459,0.0182685279247611,MOEX,0.0,0.0,0.0,0.0,0.0,0.0,0.0343670015318633
2024-11-13,211.63,270,0.0035027963486893,0.0176174554894489,MOEX,0.0,0.0,0.0,0.0,0.0,0.0,-0.0222454203125459
2024-11-14,208.1,247,0.0065083994957879,0.0177199337180867,MOEX,0.0,0.0,0.0,0.0,0.0,0.0,0.0035027963486893
2024-11-15,210.62,242,0.017336768687082,0.0179534037920712,MOEX,0.0,0.0,0.0,0.0,0.0,0.0,0.0065083994957879
2024-11-18,206.53,316,-0.0127494450265636,0.0180789776074197,MOEX,0.0,0.0,0.0,0.0,0.0,0.0,0.017336768687082
2024-11-19,199.08,6797690,-0.031009086412214,0.0196173177208829,MOEX,0.0,0.0,0.0,0.0,0.0,0.0,-0.0127494450265636
2024-11-20,197.45,13532500,-0.0203039936540793,0.0195695997517065,MOEX,0.0,0.0,0.0,0.0,0.0,0.0,-0.031009086412214
2024-11-21,203.87,202,0.0242279636034731,0.0192199292207541,MOEX,0.0,0.0,0.0,0.0,0.0,0.0,-0.0203039936540793
2024-11-22,199.23,245,0.0037715968371863,0.0172701129471725,MOEX,0.0,0.0,0.0,0.0,0.0,0.0,0.0242279636034731
2024-11-25,190.32,377,-0.0446482087235194,0.0173183797457881,MOEX,0.0,0.0,0.0,0.0,0.0,0.0,0.0037715968371863
2024-11-26,190.6,350,0.0016803196560209,0.0170575973757228,MOEX,0.0,0.0,0.0,0.0,0.0,0.0,-0.0446482087235194
2024-11-27,187.45,14305470,-0.0050021389953619,0.0169823353784989,MOEX,0.0,0.0,0.0,0.0,0.0,0.0,0.0016803196560209
2024-11-28,183.64,457,-0.0286638699734586,0.0173735036014828,MOEX,0.0,0.0,0.0,0.0,0.0,0.0,-0.0050021389953619
2024-11-29,184.41,335,0.0028781686490004,0.0167253311412344,MOEX,0.0,0.0,0.0,0.0,0.0,0.0,-0.0286638699734586
2024-12-02,191.26,350,0.0339267929552713,0.0189888157748876,MOEX,0.0,0.0,0.0,0.0,0.0,0.0,0.0028781686490004
2024-12-03,183.72,10782770,-0.0428317306685361,0.0200926204582736,MOEX,0.0,0.0,0.0,0.0,0.0,0.0,0.0339267929552713
2024-12-04,182.97,477,-0.0331124043238883,0.0218647995600824,MOEX,0.0,0.0,0.0,0.0,0.0,0.0,-0.0428317306685361
2024-12-05,182.99,649,0.0170303655831083,0.0214213510336553,MOEX,0.0,0.0,0.0,0.0,0.0,0.0,-0.0331124043238883
2024-12-06,180.11,399,-0.0059232368921756,0.0207683278847777,MOEX,0.0,0.0,0.0,0.0,0.0,0.0,0.0170303655831083
2024-12-09,185.0,317,0.0374493100416159,0.0207559094724722,MOEX,0.0,0.0,0.0,0.0,0.0,0.0,-0.0059232368921756
2024-12-10,179.88,315,-0.0220477908502551,0.0212472240545966,MOEX,0.0,0.0,0.0,0.0,0.0,0.0,0.0374493100416159
2024-12-11,181.1,479,0.0112167315166027,0.0213618572904682,MOEX,0.0,0.0,0.0,0.0,0.0,0.0,-0.0220477908502551
2024-12-12,179.99,567,-0.0017208364178838,0.0203189626970983,MOEX,0.0,0.0,0.0,0.0,0.0,0.0,0.0112167315166027
2024-12-13,176.04,316,0.00187633317309,0.0209376736479709,MOEX,0.0,0.0,0.0,0.0,0.0,0.0,-0.0017208364178838
2024-12-16,171.64,6261330,-0.0251415514825542,0.0196363032896995,MOEX,0.0,0.0,0.0,0.0,0.0,0.0,0.00187633317309
2024-12-17,174.49,358,0.0047104866511157,0.0179150786355943,MOEX,0.0,0.0,0.0,0.0,0.0,0.0,-0.0251415514825542
2024-12-18,177.73,319,0.0327710679584472,0.0170610581095045,MOEX,0.0,0.0,0.0,0.0,0.0,0.0,0.0047104866511157
2024-12-19,183.06,273,0.0423458798335892,0.019130183108974,MOEX,0.0,0.0,0.0,0.0,0.0,0.0,0.0327710679584472
2024-12-20,188.5,22125860,0.0505955063472353,0.022629576790099,MOEX,0.0,0.0,0.0,0.0,0.0,0.0,0.0423458798335892
2024-12-23,194.42,542,0.0177996967378597,0.0304925366613194,MOEX,0.0,0.0,0.0,0.0,0.0,0.0,0.0505955063472353
2024-12-24,186.48,640,-0.0169617252687293,0.030892601117555,MOEX,0.0,0.0,0.0,0.0,0.0,0.0,0.0177996967378597
2024-12-25,196.81,679,0.0560083686822102,0.0331080779562088,MOEX,0.0,0.0,0.0,0.0,0.0,0.0,-0.0169617252687293
2024-12-26,194.08,8588570,-0.0129516259236594,0.0326889974933761,MOEX,0.0,0.0,0.0,0.0,0.0,0.0,0.0560083686822102
2024-12-27,192.4,458,-0.012653493553112,0.0329058332711632,MOEX,0.0,0.0,0.0,0.0,0.0,0.0,-0.0129516259236594
2024-12-28,193.86,572,0.0072998693347068,0.032157256601096,MOEX,0.0,0.0,0.0,0.0,0.0,0.0,-0.012653493553112
2024-12-30,199.65,628,0.0358984144130993,0.0326408882427214,MOEX,0.0,0.0,0.0,0.0,0.0,0.0,0.0072998693347068
2025-01-03,194.06,575,-0.0262423521198662,0.0326889745685099,MOEX,0.0,0.0,0.0,0.0,0.0,0.0,0.0358984144130993
2025-01-06,195.47,480,0.0032795315071345,0.0309594772565763,MOEX,0.0,0.0,0.0,0.0,0.0,0.0,-0.0262423521198662
2025-01-08,198.12,499,0.0158733491562901,0.0250770656105337,MOEX,0.0,0.0,0.0,0.0,0.0,0.0,0.0032795315071345
2025-01-09,192.0,584,-0.0292553581487896,0.0199991430760131,MOEX,0.0,0.0,0.0,0.0,0.0,0.0,0.0158733491562901
2025-01-10,195.01,641,0.0170148650087187,0.0190557095686261,MOEX,0.0,0.0,0.0,0.0,0.0,0.0,-0.0292553581487896
2025-01-13,201.02,533,0.0182229384416977,0.0150696870513328,MOEX,0.0,0.0,0.0,0.0,0.0,0.0,0.0170148650087187
2025-01-14,206.38,9042680,0.028705401591789,0.0159098663089191,MOEX,0.0,0.0,0.0,0.0,0.0,0.0,0.0182229384416977
2025-01-15,208.9,535,0.0067725228241603,0.0154893985116761,MOEX,0.0,0.0,0.0,0.0,0.0,0.0,0.028705401591789
2025-01-16,206.67,379,-0.0020301631102798,0.0157593370585358,MOEX,0.0,0.0,0.0,0.0,0.0,0.0,0.0067725228241603
2025-01-17,208.11,488,0.0068950826463358,0.0136774512310894,MOEX,0.0,0.0,0.0,0.0,0.0,0.0,-0.0020301631102798
2025-01-20,205.13,8108870,-0.0110053713013815,0.0124098911928925,MOEX,0.0,0.0,0.0,0.0,0.0,0.0,0.0068950826463358
2025-01-21,206.98,452,0.0095634118035432,0.0125271704700417,MOEX,0.0,0.0,0.0,0.0,0.0,0.0,-0.0110053713013815
2025-01-22,207.14,403,0.0032882041232887,0.0121517169371939,MOEX,0.0,0.0,0.0,0.0,0.0,0.0,0.0095634118035432
2025-01-23,205.0,392,-0.0071935762719502,0.009978068045061,MOEX,0.0,0.0,0.0,0.0,0.0,0.0,0.0032882041232887
2025-01-24,211.25,10917830,0.0235169725650534,0.0104886244481665,MOEX,0.0,0.0,0.0,0.0,0.0,0.0,-0.0071935762719502
2025-01-27,206.73,5371670,-0.0233313638094538,0.0113298473514156,MOEX,0.0,0.0,0.0,0.0,0.0,0.0,0.0235169725650534
2025-01-28,209.4,486,0.0067082187351184,0.009515669302379,MOEX,0.0,0.0,0.0,0.0,0.0,0.0,-0.0233313638094538
2025-01-29,206.33,774,-0.0093584860537863,0.0096396159075405,MOEX,0.0,0.0,0.0,0.0,0.0,0.0,0.0067082187351184
2025-01-30,207.49,655,0.0114392212443143,0.0098873348157196,MOEX,0.0,0.0,0.0,0.0,0.0,0.0,-0.0093584860537863
2025-01-31,205.0,563,0.000731975145528,0.0101666119757764,MOEX,0.0,0.0,0.0,0.0,0.0,0.0,0.0114392212443143
2025-02-03,204.27,5908650,-0.0036161102734987,0.0098797347438267,MOEX,0.0,0.0,0.0,0.0,0.0,0.0,0.000731975145528
2025-02-04,203.85,498,-0.0046494639000904,0.0096800878442633,MOEX,0.0,0.0,0.0,0.0,0.0,0.0,-0.0036161102734987
2025-02-05,205.25,441,0.0255114617631738,0.0120742078424186,MOEX,0.0,0.0,0.0,0.0,0.0,0.0,-0.0046494639000904
2025-02-06,204.86,388,-0.0025837918091686,0.0119633865143067,MOEX,0.0,0.0,0.0,0.0,0.0,0.0,0.0255114617631738
2025-02-07,203.99,3731590,-0.0006370831608976,0.0104534242338568,MOEX,0.0,0.0,0.0,0.0,0.0,0.0,-0.0025837918091686
2025-02-10,207.64,734,0.012990972810604,0.0096801761886977,MOEX,0.0,0.0,0.0,0.0,0.0,0.0,-0.0006370831608976
2025-02-11,214.96,585,0.0420904764108224,0.0135560333610476,MOEX,0.0,0.0,0.0,0.0,0.0,0.0,0.012990972810604
2025-02-12,229.72,1036,0.0714928221984489,0.0204804507960522,MOEX,0.0,0.0,0.0,0.0,0.0,0.0,0.0420904764108224
2025-02-13,238.74,1153,0.0521446154200588,0.0232853975961683,MOEX,0.0,0.0,0.0,0.0,0.0,0.0,0.0714928221984489
2025-02-14,229.95,25739750,-0.020446208871045,0.0242480066334943,MOEX,0.0,0.0,0.0,0.0,0.0,0.0,0.0521446154200588
2025-02-17,238.87,872,0.0351481365488983,0.0249604178398137,MOEX,0.0,0.0,0.0,0.0,0.0,0.0,-0.020446208871045
2025-02-18,238.62,761,0.00453629810156,0.0249683750949073,MOEX,0.0,0.0,0.0,0.0,0.0,0.0,0.0351481365488983
2025-02-19,240.84,466,0.0119461760692396,0.0240145339104734,MOEX,0.0,0.0,0.0,0.0,0.0,0.0,0.00453629810156
2025-02-20,238.79,7493000,-0.0041790357113176,0.0241603660676212,MOEX,0.0,0.0,0.0,0.0,0.0,0.0,0.0119461760692396
2025-02-21,235.67,630,-0.0194140058281497,0.0247362303957725,MOEX,0.0,0.0,0.0,0.0,0.0,0.0,-0.0041790357113176
2025-02-24,236.03,780,0.0082532587940081,0.024887843225551,MOEX,0.0,0.0,0.0,0.0,0.0,0.0,-0.0194140058281497
2025-02-25,232.31,819,-0.0085296588808765,0.0236069238350963,MOEX,0.0,0.0,0.0,0.0,0.0,0.0,0.0082532587940081
2025-02-26,224.49,742,-0.0329493114252819,0.0189367926091222,MOEX,0.0,0.0,0.0,0.0,0.0,0.0,-0.0085296588808765
2025-02-27,217.3,596,-0.0303671645926558,0.0152511207547125,MOEX,0.0,0.0,0.0,0.0,0.0,0.0,-0.0329493114252819
2025-02-28,218.36,658,0.0053264888537766,0.0145955365783046,MOEX,0.0,0.0,0.0,0.0,0.0,0.0,-0.0303671645926558
2025-03-03,221.9,1745,0.0122422748646877,0.0122055289550742,MOEX,0.0,0.0,0.0,0.0,0.0,0.0,0.0053264888537766
2025-03-04,224.17,641,0.0038885337396923,0.0123754156514418,MOEX,0.0,0.0,0.0,0.0,0.0,0.0,0.0122422748646877
2025-03-05,219.7,19348010,-0.0214345381975453,0.0125533829843387,MOEX,0.0,0.0,0.0,0.0,0.0,0.0,0.0038885337396923
2025-03-06,216.27,16049910,-0.0210466660607804,0.0132985326703264,MOEX,0.0,0.0,0.0,0.0,0.0,0.0,-0.0214345381975453
2025-03-07,212.57,796,-0.0247648960655401,0.0137117566142072,MOEX,0.0,0.0,0.0,0.0,0.0,0.0,-0.0210466660607804
2025-03-10,211.91,743,-0.0014146941904838,0.0134062818171954,MOEX,0.0,0.0,0.0,0.0,0.0,0.0,-0.0247648960655401
2025-03-11,212.61,659,0.0130188597605094,0.0140307026248356,MOEX,0.0,0.0,0.0,0.0,0.0,0.0,-0.0014146941904838
2025-03-12,212.9,379,0.0048968927310837,0.0124427351934693,MOEX,0.0,0.0,0.0,0.0,0.0,0.0,0.0130188597605094
2025-03-13,210.0,497,-0.0075901692666755,0.0107407446278615,MOEX,0.0,0.0,0.0,0.0,0.0,0.0,0.0048968927310837
2025-03-14,213.29,512,0.0224739214099766,0.012024533488219,MOEX,0.0,0.0,0.0,0.0,0.0,0.0,-0.0075901692666755
2025-03-17,217.0,1243,0.0210494872523906,0.0126549470821636,MOEX,0.0,0.0,0.0,0.0,0.0,0.0,0.0224739214099766
2025-03-18,214.5,563,-0.0115415311612274,0.0126679262756104,MOEX,0.0,0.0,0.0,0.0,0.0,0.0,0.0210494872523906
2025-03-19,216.46,12920250,0.0114297578451488,0.0121616459050521,MOEX,0.0,0.0,0.0,0.0,0.0,0.0,-0.0115415311612274
2025-03-20,215.0,429,-0.0102265993879393,0.0113899407516909,MOEX,0.0,0.0,0.0,0.0,0.0,0.0,0.0114297578451488
2025-03-21,214.48,366,-0.0035371906935151,0.0097513693354299,MOEX,0.0,0.0,0.0,0.0,0.0,0.0,-0.0102265993879393
2025-03-24,210.44,470,-0.0125140348152218,0.0101913881994388,MOEX,0.0,0.0,0.0,0.0,0.0,0.0,-0.0035371906935151
2025-03-25,210.56,9095630,0.0050469087747599,0.0098286500370564,MOEX,0.0,0.0,0.0,0.0,0.0,0.0,-0.0125140348152218
2025-03-26,207.2,701,-0.023420497645797,0.0111357185233571,MOEX,0.0,0.0,0.0,0.0,0.0,0.0,0.0050469087747599
2025-03-27,206.53,749,-0.0048302272340103,0.0109872348578943,MOEX,0.0,0.0,0.0,0.0,0.0,0.0,-0.023420497645797
2025-03-28,198.2,817,-0.0209693155174229,0.0112028747442538,MOEX,0.0,0.0,0.0,0.0,0.0,0.0,-0.0048302272340103
2025-03-31,199.55,9889770,0.0040673936915256,0.0098847215542074,MOEX,0.0,0.0,0.0,0.0,0.0,0.0,-0.0209693155174229
2025-04-01,193.69,11776580,-0.0418107151365671,0.0135022003527462,MOEX,0.0,0.0,0.0,0.0,0.0,0.0,0.0040673936915256
2025-04-02,203.98,567,0.0148663066340862,0.0165487541567293,MOEX,0.0,0.0,0.0,0.0,0.0,0.0,-0.0418107151365671
2025-04-03,201.97,497,-0.0018302792574473,0.0164813190920946,MOEX,0.0,0.0,0.0,0.0,0.0,0.0,0.0148663066340862
2025-04-04,197.99,454,-0.0125478458224812,0.016551874131874,MOEX,0.0,0.0,0.0,0.0,0.0,0.0,-0.0018302792574473
2025-04-07,193.99,1045,-0.0046799951705005,0.0166039686148101,MOEX,0.0,0.0,0.0,0.0,0.0,0.0,-0.0125478458224812
2025-04-08,191.01,14275970,-0.0101053052865841,0.0165117463399896,MOEX,0.0,0.0,0.0,0.0,0.0,0.0,-0.0046799951705005
2025-04-09,195.71,398,0.0224775009546108,0.0168560958699497,MOEX,0.0,0.0,0.0,0.0,0.0,0.0,-0.0101053052865841
2025-04-10,193.37,642,-0.0099313858201328,0.016892211786214,MOEX,0.0,0.0,0.0,0.0,0.0,0.0,0.0224775009546108
2025-04-11,193.55,908,0.0145722068590907,0.01648102707596,MOEX,0.0,0.0,0.0,0.0,0.0,0.0,-0.0099313858201328
2025-04-14,193.18,8343710,-0.0027914207838785,0.0164173090056173,MOEX,0.0,0.0,0.0,0.0,0.0,0.0,0.0145722068590907
2025-04-15,193.79,464,0.0014975860683215,0.0131516965788636,MOEX,0.0,0.0,0.0,0.0,0.0,0.0,-0.0027914207838785
2025-04-16,194.97,485,0.0163404018407704,0.0101940331696995,MOEX,0.0,0.0,0.0,0.0,0.0,0.0,0.0014975860683215
2025-04-17,195.0,615,0.0027216490469557,0.0101574681071125,MOEX,0.0,0.0,0.0,0.0,0.0,0.0,0.0163404018407704
2025-04-18,192.58,543,-0.0137691369076574,0.010165187019413,MOEX,0.0,0.0,0.0,0.0,0.0,0.0,0.0027216490469557
2025-04-21,197.6,738,0.0307827290721598,0.0118951811448011,MOEX,0.0,0.0,0.0,0.0,0.0,0.0,-0.0137691369076574
2025-04-22,206.51,800,0.0448634496460419,0.015014593194741,MOEX,0.0,0.0,0.0,0.0,0.0,0.0,0.0307827290721598
2025-04-23,206.84,587,0.0021779647067366,0.0143842483633507,MOEX,0.0,0.0,0.0,0.0,0.0,0.0,0.0448634496460419
2025-04-24,208.52,522,0.0169762014634215,0.014624869677792,MOEX,0.0,0.0,0.0,0.0,0.0,0.0,0.0021779647067366
2025-04-25,208.02,15954820,-0.0074235835068644,0.0140867847319225,MOEX,0.0,0.0,0.0,0.0,0.0,0.0,0.0169762014634215
2025-04-28,205.84,1234,-0.0149479614358731,0.0146235365492358,MOEX,0.0,0.0,0.0,0.0,0.0,0.0,-0.0074235835068644
2025-04-29,202.27,704,-0.0069466962440922,0.0150916791452401,MOEX,0.0,0.0,0.0,0.0,0.0,0.0,-0.0149479614358731
2025-04-30,199.95,761,0.0017519714154636,0.0148580802294933,MOEX,0.0,0.0,0.0,0.0,0.0,0.0,-0.0069466962440922
2025-05-02,192.68,4877620,-0.0331279496371575,0.0167298499114159,MOEX,0.0,0.0,0.0,0.0,0.0,0.0,0.0017519714154636
2025-05-05,194.98,1462,-0.0091385447726284,0.0172456621075824,MOEX,0.0,0.0,0.0,0.0,0.0,0.0,-0.0331279496371575
2025-05-06,199.98,841,0.0295863053700268,0.0171246511981848,MOEX,0.0,0.0,0.0,0.0,0.0,0.0,-0.0091385447726284
2025-05-07,200.39,722,0.0126552183617039,0.0141292830455176,MOEX,0.0,0.0,0.0,0.0,0.0,0.0,0.0295863053700268
2025-05-08,198.93,3139690,-0.0018080462963734,0.0141250280626986,MOEX,0.0,0.0,0.0,0.0,0.0,0.0,0.0126552183617039
2025-05-12,204.0,9666760,0.0167572691102195,0.0141926270827789,MOEX,0.0,0.0,0.0,0.0,0.0,0.0,-0.0018080462963734
2025-05-13,202.99,742,-0.0003447851284001,0.0140719002731856,MOEX,0.0,0.0,0.0,0.0,0.0,0.0,0.0167572691102195
2025-05-14,202.43,696,0.0022749762531889,0.0136997711292269,MOEX,0.0,0.0,0.0,0.0,0.0,0.0,-0.0003447851284001
2025-05-15,199.79,813,0.0073849271849224,0.0143051065487298,MOEX,0.0,0.0,0.0,0.0,0.0,0.0,0.0022749762531889
2025-05-16,198.0,681,-0.0044345970678657,0.0140520778793251,MOEX,0.0,0.0,0.0,0.0,0.0,0.0,0.0073849271849224
2025-05-19,197.48,6836460,0.0059932121082466,0.0119732606952203,MOEX,0.0,0.0,0.0,0.0,0.0,0.0,-0.0044345970678657
2025-05-20,196.89,734,-0.0106596275707514,0.011232117782754,MOEX,0.0,0.0,0.0,0.0,0.0,0.0,0.0059932121082466
2025-05-21,194.94,1046,-0.007970612400252,0.0090120884074549,MOEX,0.0,0.0,0.0,0.0,0.0,0.0,-0.0106596275707514
2025-05-22,190.98,1067,-0.0097958265601819,0.0085790969616717,MOEX,0.0,0.0,0.0,0.0,0.0,0.0,-0.007970612400252
2025-05-23,188.59,4976110,-0.0003180998860456,0.0088521155057166,MOEX,0.0,0.0,0.0,0.0,0.0,0.0,-0.0097958265601819
2025-05-26,185.45,1495,-0.0214981741199512,0.0083024128189854,MOEX,0.0,0.0,0.0,0.0,0.0,0.0,-0.0003180998860456
2025-05-27,184.84,773,0.0,0.008318795736775,MOEX,0.0,0.0,0.0,0.0,0.0,0.0,-0.0214981741199512
2025-05-28,189.5,877,0.0231147024727566,0.0103684670774589,MOEX,0.0,0.0,0.0,0.0,0.0,0.0,0.0
2025-05-29,185.3,797,-0.0152102332524912,0.0096924715082442,MOEX,0.0,0.0,0.0,0.0,0.0,0.0,0.0231147024727566
2025-05-30,188.66,5328250,0.0188341575826419,0.0109221928198282,MOEX,0.0,0.0,0.0,0.0,0.0,0.0,-0.0152102332524912
2025-06-02,188.88,1615,-0.0006351222823849,0.0107055858032568,MOEX,0.0,0.0,0.0,0.0,0.0,0.0,0.0188341575826419
2025-06-03,191.91,772,0.0229810356022595,0.0118088624821185,MOEX,0.0,0.0,0.0,0.0,0.0,0.0,-0.0006351222823849
2025-06-04,193.49,912,0.0075742217258156,0.0118540727877993,MOEX,0.0,0.0,0.0,0.0,0.0,0.0,0.0229810356022595
2025-06-05,191.78,4360300,0.0050183064018353,0.0118743507292812,MOEX,0.0,0.0,0.0,0.0,0.0,0.0,0.0075742217258156
2025-06-06,190.99,829,-0.0104691182498223,0.0118564066433207,MOEX,0.0,0.0,0.0,0.0,0.0,0.0,0.0050183064018353
2025-06-09,189.06,1393,-0.0016383482775755,0.0108851232741307,MOEX,0.0,0.0,0.0,0.0,0.0,0.0,-0.0104691182498223
2025-06-10,187.49,1007,-0.0077039936861288,0.011022905131716,MOEX,0.0,0.0,0.0,0.0,0.0,0.0,-0.0016383482775755
2025-06-11,188.0,1045,0.0061358068984563,0.0098071593240999,MOEX,0.0,0.0,0.0,0.0,0.0,0.0,-0.0077039936861288
2025-06-13,190.0,766,0.0053828828060062,0.009095958731791,MOEX,0.0,0.0,0.0,0.0,0.0,0.0,0.0061358068984563
2025-06-16,186.9,1571,-0.0121252283235073,0.0086121902248751,MOEX,0.0,0.0,0.0,0.0,0.0,0.0,0.0053828828060062
2025-06-17,190.32,659,0.0183471926298924,0.0095800085357273,MOEX,0.0,0.0,0.0,0.0,0.0,0.0,-0.0121252283235073
2025-06-18,191.98,1087,0.0211088243068868,0.0096477988406238,MOEX,0.0,0.0,0.0,0.0,0.0,0.0,0.0183471926298924
2025-06-19,191.6,7699410,0.0061777066792148,0.009762128344796,MOEX,0.0,0.0,0.0,0.0,0.0,0.0,0.0211088243068868
2025-06-20,190.7,3478200,0.0036248102519328,0.0093982814230548,MOEX,0.0,0.0,0.0,0.0,0.0,0.0,0.0061777066792148
2025-06-23,190.1,837,-0.0036755095198027,0.0088029229416249,MOEX,0.0,0.0,0.0,0.0,0.0,0.0,0.0036248102519328
2025-06-24,196.5,640,0.0302231450057432,0.0110377685057645,MOEX,0.0,0.0,0.0,0.0,0.0,0.0,-0.0036755095198027
2025-06-25,199.89,769,0.0211843408405249,0.0116044485931584,MOEX,0.0,0.0,0.0,0.0,0.0,0.0,0.0302231450057432
2025-06-26,197.18,6301470,-0.007880420656322,0.0119794836093376,MOEX,0.0,0.0,0.0,0.0,0.0,0.0,0.0211843408405249
2025-06-27,198.3,804,-0.0071854189513299,0.0123012242900804,MOEX,0.0,0.0,0.0,0.0,0.0,0.0,-0.007880420656322
2025-06-30,200.39,1532,0.0069103930478308,0.0118211179066553,MOEX,0.0,0.0,0.0,0.0,0.0,0.0,-0.0071854189513299
2025-07-01,200.99,810,0.0014438997753682,0.0107326308970932,MOEX,0.0,0.0,0.0,0.0,0.0,0.0,0.0069103930478308
2025-07-02,201.2,7820470,0.002936713491587,0.009628079873743,MOEX,0.0,0.0,0.0,0.0,0.0,0.0,0.0014438997753682
2025-07-03,199.11,3730910,-0.0051596858363665,0.0095982906604816,MOEX,0.0,0.0,0.0,0.0,0.0,0.0,0.002936713491587
2025-07-04,199.49,686,-0.0025532567877171,0.0096455650006701,MOEX,0.0,0.0,0.0,0.0,0.0,0.0,-0.0051596858363665
2025-07-07,194.49,1656,-0.0192994252973591,0.010860107537973,MOEX,0.0,0.0,0.0,0.0,0.0,0.0,-0.0025532567877171
2025-07-08,192.17,1062,-0.0081882712891206,0.0085898612788576,MOEX,0.0,0.0,0.0,0.0,0.0,0.0,-0.0192994252973591
2025-07-09,190.55,1279,-0.0085698387264439,0.006959633414444,MOEX,0.0,0.0,0.0,0.0,0.0,0.0,-0.0081882712891206
2025-07-10,172.73,24526570,-0.1116856328335787,0.0258731972702114,MOEX,0.0,0.0,0.0,0.0,0.0,0.0,-0.0085698387264439
2025-07-11,170.3,1378,-0.0194801915214403,0.025780209334055,MOEX,0.0,0.0,0.0,0.0,0.0,0.0,-0.1116856328335787
2025-07-14,172.0,1887,0.0162357403934587,0.0260183657968872,MOEX,0.0,0.0,0.0,0.0,0.0,0.0,-0.0194801915214403
2025-07-15,172.0,1185,-0.0033084744460344,0.0259893185007706,MOEX,0.0,0.0,0.0,0.0,0.0,0.0,0.0162357403934587
2025-07-16,172.07,6205560,0.0061793364401037,0.026039241878197,MOEX,0.0,0.0,0.0,0.0,0.0,0.0,-0.0033084744460344
2025-07-17,171.89,921,-0.0063790520188205,0.0261975592554469,MOEX,0.0,0.0,0.0,0.0,0.0,0.0,0.0061793364401037
2025-07-18,174.05,801,0.0224859138360365,0.0269200038273765,MOEX,0.0,0.0,0.0,0.0,0.0,0.0,-0.0063790520188205
2025-07-21,178.48,1596,0.025478723825652,0.0276923059071895,MOEX,0.0,0.0,0.0,0.0,0.0,0.0,0.0224859138360365
2025-07-22,180.5,880,0.0169291972264621,0.028079176966925,MOEX,0.0,0.0,0.0,0.0,0.0,0.0,0.025478723825652
2025-07-23,178.67,8672340,-0.0050245751087306,0.0280487249822952,MOEX,0.0,0.0,0.0,0.0,0.0,0.0,0.0169291972264621
2025-07-24,179.46,597,0.0006131378916202,0.0113343861123985,MOEX,0.0,0.0,0.0,0.0,0.0,0.0,-0.0050245751087306
2025-07-25,178.83,2516,-0.00095017194081,0.0102451696515999,MOEX,0.0,0.0,0.0,0.0,0.0,0.0,0.0006131378916202
2025-07-28,174.62,1533,-0.0186094102891279,0.0106930475313593,MOEX,0.0,0.0,0.0,0.0,0.0,0.0,-0.00095017194081
2025-07-29,175.77,5011650,0.00467610341111,0.0106720115711973,MOEX,0.0,0.0,0.0,0.0,0.0,0.0,-0.0186094102891279
2025-07-30,174.99,715,-0.0050162563146168,0.0105811967523731,MOEX,0.0,0.0,0.0,0.0,0.0,0.0,0.00467610341111
2025-07-31,174.88,654,0.0039533669388581,0.0104982689265331,MOEX,0.0,0.0,0.0,0.0,0.0,0.0,-0.0050162563146168
2025-08-01,175.92,951,0.0092513937205304,0.009160172450564,MOEX,0.0,0.0,0.0,0.0,0.0,0.0,0.0039533669388581
2025-08-04,177.24,1349,0.0167267938053135,0.0083149709846587,MOEX,0.0,0.0,0.0,0.0,0.0,0.0,0.0092513937205304
2025-08-05,177.85,884,0.0067701245893099,0.0074100870791698,MOEX,0.0,0.0,0.0,0.0,0.0,0.0,0.0167267938053135
2025-08-06,180.96,938,0.0239924267432213,0.0092170519886259,MOEX,0.0,0.0,0.0,0.0,0.0,0.0,0.0067701245893099
2025-08-07,182.76,1081,0.0228571892342776,0.0109573966997968,MOEX,0.0,0.0,0.0,0.0,0.0,0.0,0.0239924267432213
2025-08-08,184.89,906,0.0244181627220542,0.0125565827285144,MOEX,0.0,0.0,0.0,0.0,0.0,0.0,0.0228571892342776
2025-08-11,183.49,13157010,0.0033299700503618,0.0118888328112478,MOEX,0.0,0.0,0.0,0.0,0.0,0.0,0.0244181627220542
2025-08-12,184.5,632,0.0027680551745797,0.0118775486785941,MOEX,0.0,0.0,0.0,0.0,0.0,0.0,0.0033299700503618
2025-08-13,185.93,874,0.0077207953113894,0.0118058517469428,MOEX,0.0,0.0,0.0,0.0,0.0,0.0,0.0027680551745797
2025-08-14,187.06,672,0.0143221098839113,0.0122306023979801,MOEX,0.0,0.0,0.0,0.0,0.0,0.0,0.0077207953113894
2025-08-15,187.66,6462060,0.004968091630915,0.0121207275175566,MOEX,0.0,0.0,0.0,0.0,0.0,0.0,0.0143221098839113
2025-08-18,186.0,1592,-0.0198026272961797,0.0126274556341588,MOEX,0.0,0.0,0.0,0.0,0.0,0.0,0.004968091630915
2025-08-19,187.7,652,0.0072183176671955,0.0125642883655005,MOEX,0.0,0.0,0.0,0.0,0.0,0.0,-0.0198026272961797
2025-08-20,185.77,559,-0.0027415687108635,0.0115973566766165,MOEX,0.0,0.0,0.0,0.0,0.0,0.0,0.0072183176671955
2025-08-21,181.75,3952550,-0.0192900488806943,0.010946644722381,MOEX,0.0,0.0,0.0,0.0,0.0,0.0,-0.0027415687108635
2025-08-22,184.18,4363480,0.0065913353167463,0.0091905861341926,MOEX,0.0,0.0,0.0,0.0,0.0,0.0,-0.0192900488806943
2025-08-25,183.42,899,-0.0079283608353271,0.0090387476067451,MOEX,0.0,0.0,0.0,0.0,0.0,0.0,0.0065913353167463
2025-08-26,181.91,440,-0.0015929255517331,0.0091026356227314,MOEX,0.0,0.0,0.0,0.0,0.0,0.0,-0.0079283608353271
2025-08-27,182.71,504,0.0052130608907875,0.0089949708435235,MOEX,0.0,0.0,0.0,0.0,0.0,0.0,-0.0015929255517331
2025-08-28,180.93,626,-0.0055117815777071,0.0081831527093011,MOEX,0.0,0.0,0.0,0.0,0.0,0.0,0.0052130608907875
2025-08-29,179.0,2421840,-0.0060709200911064,0.0081010928371459,MOEX,0.0,0.0,0.0,0.0,0.0,0.0,-0.0055117815777071
2025-09-01,178.0,1182,-0.0061607587745808,0.0064433939171492,MOEX,0.0,0.0,0.0,0.0,0.0,0.0,-0.0060709200911064
2025-09-02,177.12,738,-0.002650053706177,0.0059553948959322,MOEX,0.0,0.0,0.0,0.0,0.0,0.0,-0.0061607587745808
2025-09-03,176.43,529,0.0007371077361497,0.0059205655787717,MOEX,0.0,0.0,0.0,0.0,0.0,0.0,-0.002650053706177
2025-09-04,175.94,2287480,-0.0007386154138242,0.0044260072493188,MOEX,0.0,0.0,0.0,0.0,0.0,0.0,0.0007371077361497
2025-09-05,175.23,562,-0.0002852985668834,0.0034558062096826,MOEX,0.0,0.0,0.0,0.0,0.0,0.0,-0.0007386154138242
2025-09-08,177.16,988,0.0096991770257734,0.0040333393672627,MOEX,0.0,0.0,0.0,0.0,0.0,0.0,-0.0002852985668834
2025-09-09,180.07,602,0.0126300997135575,0.0050786989118378,MOEX,0.0,0.0,0.0,0.0,0.0,0.0,0.0096991770257734
2025-09-10,177.4,594,-0.0072453910150907,0.0053092302380439,MOEX,0.0,0.0,0.0,0.0,0.0,0.0,0.0126300997135575
2025-09-11,175.57,565,-0.0053963606202293,0.0053262653686368,MOEX,0.0,0.0,0.0,0.0,0.0,0.0,-0.0072453910150907
2025-09-12,175.62,827,0.0011394714086141,0.0051787925449725,MOEX,0.0,0.0,0.0,0.0,0.0,0.0,-0.0053963606202293
2025-09-15,172.59,1042,-0.0011002693874262,0.0061080763650605,MOEX,0.0,0.0,0.0,0.0,0.0,0.0,0.0011394714086141
2025-09-16,170.52,699,-0.0104425882579984,0.0064225493631018,MOEX,0.0,0.0,0.0,0.0,0.0,0.0,-0.0011002693874262
2025-09-17,170.92,4348330,-0.0008772186883763,0.0064667817719999,MOEX,0.0,0.0,0.0,0.0,0.0,0.0,-0.0104425882579984
2025-09-18,171.87,542,-0.0063797919672358,0.0072389440251701,MOEX,0.0,0.0,0.0,0.0,0.0,0.0,-0.0008772186883763
2025-09-19,170.8,569,-0.0002926972068312,0.0072965723356488,MOEX,0.0,0.0,0.0,0.0,0.0,0.0,-0.0063797919672358
2025-09-22,170.95,780,0.007221095751186,0.0072359035926645,MOEX,0.0,0.0,0.0,0.0,0.0,0.0,-0.0002926972068312
2025-09-23,169.43,532,-0.0050630038684982,0.0062933571243155,MOEX,0.0,0.0,0.0,0.0,0.0,0.0,0.007221095751186
2025-09-24,170.53,621,0.0169134723751064,0.0077879312397742,MOEX,0.0,0.0,0.0,0.0,0.0,0.0,-0.0050630038684982
2025-09-25,169.45,508,0.0010628248520544,0.0078750433412455,MOEX,0.0,0.0,0.0,0.0,0.0,0.0,0.0169134723751064
2025-09-26,167.9,618,-0.0010714924532499,0.0072444483119173,MOEX,0.0,0.0,0.0,0.0,0.0,0.0,0.0010628248520544
2025-09-29,168.12,1002,-0.0041550484186578,0.0074380928979659,MOEX,0.0,0.0,0.0,0.0,0.0,0.0,-0.0010714924532499
2025-09-30,165.35,628,-0.0033810332274622,0.0075768514184619,MOEX,0.0,0.0,0.0,0.0,0.0,0.0,-0.0041550484186578
2025-10-01,162.8,3067590,-0.0105096897937834,0.0071002670019819,MOEX,0.0,0.0,0.0,0.0,0.0,0.0,-0.0033810332274622
2025-10-02,163.45,580,-0.0105286552123513,0.0082359288040333,MOEX,0.0,0.0,0.0,0.0,0.0,0.0,-0.0105096897937834
2025-10-03,159.5,835,-0.0151819740330689,0.0087215516524924,MOEX,0.0,0.0,0.0,0.0,0.0,0.0,-0.0105286552123513
2025-10-06,161.15,1224,0.0114208499480035,0.0089556963137379,MOEX,0.0,0.0,0.0,0.0,0.0,0.0,-0.0151819740330689
2025-10-07,163.23,2768310,0.0100361030789485,0.009449473547985,MOEX,0.0,0.0,0.0,0.0,0.0,0.0,0.0114208499480035
2025-10-08,161.86,736,-0.0141707122388709,0.0087917165886061,MOEX,0.0,0.0,0.0,0.0,0.0,0.0,0.0100361030789485
2025-10-09,161.8,601,0.0218058685387051,0.0112605230959628,MOEX,0.0,0.0,0.0,0.0,0.0,0.0,-0.0141707122388709
2025-10-10,158.73,581,-0.0003149507128173,0.0118014874247928,MOEX,0.0,0.0,0.0,0.0,0.0,0.0,0.0218058685387051
2025-10-13,156.76,5812730,0.0001913936654538,0.0118608323500911,MOEX,0.0,0.0,0.0,0.0,0.0,0.0,-0.0003149507128173
2025-10-14,156.31,2929470,-0.0164338586352904,0.0126219916518372,MOEX,0.0,0.0,0.0,0.0,0.0,0.0,0.0001913936654538
2025-10-15,155.5,641,-0.0095363774329373,0.0126778006002258,MOEX,0.0,0.0,0.0,0.0,0.0,0.0,-0.0164338586352904
2025-10-16,167.43,929,0.0746916239461772,0.0210113314324412,MOEX,0.0,0.0,0.0,0.0,0.0,0.0,-0.0095363774329373
2025-10-17,169.08,505,0.0119590894289022,0.0206192245127754,MOEX,0.0,0.0,0.0,0.0,0.0,0.0,0.0746916239461772
2025-10-20,174.05,1284,0.0358549387450704,0.0219482159806447,MOEX,0.0,0.0,0.0,0.0,0.0,0.0,0.0119590894289022
2025-10-21,169.96,499,-0.0207297512720081,0.0225926957456192,MOEX,0.0,0.0,0.0,0.0,0.0,0.0,0.0358549387450704
2025-10-22,170.43,507,0.0110922135570753,0.0224843237135066,MOEX,0.0,0.0,0.0,0.0,0.0,0.0,-0.0207297512720081
2025-10-23,169.95,643,0.010469441737373,0.0216875170560657,MOEX,0.0,0.0,0.0,0.0,0.0,0.0,0.0110922135570753
2025-10-24,166.9,433,-0.0044239923890812,0.0215005328220606,MOEX,0.0,0.0,0.0,0.0,0.0,0.0,0.010469441737373
2025-10-27,162.97,5826160,-0.0168541606329991,0.0217710061562126,MOEX,0.0,0.0,0.0,0.0,0.0,0.0,-0.0044239923890812
2025-10-28,160.11,806,-0.0282038398721537,0.0223653122792156,MOEX,0.0,0.0,0.0,0.0,0.0,0.0,-0.0168541606329991
2025-10-29,160.0,693,-0.0084021032641439,0.0223752918480749,MOEX,0.0,0.0,0.0,0.0,0.0,0.0,-0.0282038398721537
2025-10-30,164.74,398,0.0260745309430321,0.0156443656171598,MOEX,0.0,0.0,0.0,0.0,0.0,0.0,-0.0084021032641439
2025-10-31,161.43,4990110,-0.0118235258776411,0.0155936025034234,MOEX,0.0,0.0,0.0,0.0,0.0,0.0,0.0260745309430321
2025-11-01,162.92,608,-0.0026358552668674,0.0132240957616475,MOEX,0.0,0.0,0.0,0.0,0.0,0.0,-0.0118235258776411
2025-11-03,163.2,407,0.014255540867063,0.0133378207755676,MOEX,0.0,0.0,0.0,0.0,0.0,0.0,-0.0026358552668674
2025-11-05,162.09,561,0.0005554012917001,0.0129754560612155,MOEX,0.0,0.0,0.0,0.0,0.0,0.0,0.014255540867063
2025-11-06,160.48,1799070,0.0009351330128791,0.0125535206101944,MOEX,0.0,0.0,0.0,0.0,0.0,0.0,0.0005554012917001
2025-11-07,162.2,2641270,0.0012955367492658,0.0125662832944363,MOEX,0.0,0.0,0.0,0.0,0.0,0.0,0.0009351330128791
2025-11-10,163.94,903,0.0158626135789281,0.0125346453597098,MOEX,0.0,0.0,0.0,0.0,0.0,0.0,0.0012955367492658
2025-11-11,164.98,423,0.0089501038860906,0.0105716145613264,MOEX,0.0,0.0,0.0,0.0,0.0,0.0,0.0158626135789281
2025-11-12,162.39,459,-0.0135174387659733,0.0107977671775765,MOEX,0.0,0.0,0.0,0.0,0.0,0.0,0.0089501038860906
2025-11-13,165.01,497,0.0087650448542792,0.0093632304882556,MOEX,0.0,0.0,0.0,0.0,0.0,0.0,-0.0135174387659733
2025-11-14,163.45,484,0.0002447531065268,0.0090074237643805,MOEX,0.0,0.0,0.0,0.0,0.0,0.0,0.0087650448542792
2025-11-17,161.3,1003,-0.0085190959078605,0.0088627192513426,MOEX,0.0,0.0,0.0,0.0,0.0,0.0,0.0002447531065268
2025-11-18,161.9,451,0.0121175942880624,0.0084331652110511,MOEX,0.0,0.0,0.0,0.0,0.0,0.0,-0.0085190959078605
2025-11-19,169.98,690,0.04981433829791,0.0138970388770381,MOEX,0.0,0.0,0.0,0.0,0.0,0.0,0.0121175942880624
2025-11-20,172.13,7613510,0.0207209597156593,0.0143500472179323,MOEX,0.0,0.0,0.0,0.0,0.0,0.0,0.04981433829791
2025-11-21,172.1,7605170,-0.0057937589646698,0.0144338337053282,MOEX,0.0,0.0,0.0,0.0,0.0,0.0,0.0207209597156593
2025-11-24,172.91,989,0.0030118760098107,0.0140024678613537,MOEX,0.0,0.0,0.0,0.0,0.0,0.0,-0.0057937589646698
2025-11-25,176.41,782,0.0152509024765399,0.0141632604814832,MOEX,0.0,0.0,0.0,0.0,0.0,0.0,0.0030118760098107
2025-11-26,173.37,457,-0.0128945309340532,0.0141794142979785,MOEX,0.0,0.0,0.0,0.0,0.0,0.0,0.0152509024765399
2025-11-27,169.85,706,-0.0195890365755958,0.0149519302496821,MOEX,0.0,0.0,0.0,0.0,0.0,0.0,-0.0128945309340532
2025-11-28,171.15,4596250,0.0192909265108042,0.0155541860034645,MOEX,0.0,0.0,0.0,0.0,0.0,0.0,-0.0195890365755958
2025-12-01,172.39,931,0.001916098713685,0.0152497198575637,MOEX,0.0,0.0,0.0,0.0,0.0,0.0,0.0192909265108042
2025-12-02,170.88,355,-0.0019293174448965,0.0150914926517932,MOEX,0.0,0.0,0.0,0.0,0.0,0.0,0.001916098713685
2025-12-03,170.24,587,-0.0002349348066719,0.0102665046976267,MOEX,0.0,0.0,0.0,0.0,0.0,0.0,-0.0019293174448965
2025-12-04,170.02,2415930,-0.0032296924635687,0.0089251388487248,MOEX,0.0,0.0,0.0,0.0,0.0,0.0,-0.0002349348066719
2025-12-05,172.01,558,0.013225848219494,0.0092719145951909,MOEX,0.0,0.0,0.0,0.0,0.0,0.0,-0.0032296924635687
2025-12-08,173.33,801,-0.0020748091127022,0.009514493585469,MOEX,0.0,0.0,0.0,0.0,0.0,0.0,0.013225848219494
2025-12-09,175.84,464,0.0168610979660663,0.009610031675387,MOEX,0.0,0.0,0.0,0.0,0.0,0.0,-0.0020748091127022
2025-12-10,177.97,604,0.018029743414899,0.0099880626575738,MOEX,0.0,0.0,0.0,0.0,0.0,0.0,0.0168610979660663
2025-12-11,181.2,632,0.0224352286249925,0.0098917592198847,MOEX,0.0,0.0,0.0,0.0,0.0,0.0,0.018029743414899
2025-12-12,176.51,563,-0.0203567943634091,0.010160130347855,MOEX,0.0,0.0,0.0,0.0,0.0,0.0,0.0224352286249925
2025-12-15,178.97,939,0.0202061282592705,0.0111349136729484,MOEX,0.0,0.0,0.0,0.0,0.0,0.0,-0.0203567943634091
2025-12-16,181.23,423,0.0126046256368853,0.0111472813709388,MOEX,0.0,0.0,0.0,0.0,0.0,0.0,0.0202061282592705
2025-12-17,179.55,4126010,-0.0023920129337104,0.011316796970565,MOEX,0.0,0.0,0.0,0.0,0.0,0.0,0.0126046256368853
2025-12-18,178.49,483,-0.0028532285993385,0.0113792759817164,MOEX,0.0,0.0,0.0,0.0,0.0,0.0,-0.0023920129337104
2025-12-19,178.29,521,-0.0011771631730148,0.0110931364286193,MOEX,0.0,0.0,0.0,0.0,0.0,0.0,-0.0028532285993385
2025-12-22,175.22,737,-0.0132099321508791,0.0114060691050459,MOEX,0.0,0.0,0.0,0.0,0.0,0.0,-0.0011771631730148
2025-12-23,176.58,3361280,0.0098455679640515,0.0108985714689679,MOEX,0.0,0.0,0.0,0.0,0.0,0.0,-0.0132099321508791
2025-12-24,176.89,389,0.0008483443655577,0.0100486473366366,MOEX,0.0,0.0,0.0,0.0,0.0,0.0,0.0098455679640515
2025-12-25,174.02,468,-0.0140373203673138,0.0089548589907593,MOEX,0.0,0.0,0.0,0.0,0.0,0.0,0.0008483443655577
2025-12-26,177.4,518,0.0214228794440863,0.0091353631093556,MOEX,0.0,0.0,0.0,0.0,0.0,0.0,-0.0140373203673138
2025-12-29,175.18,7526780,-0.0098271119455794,0.0081604919595573,MOEX,0.0,0.0,0.0,0.0,0.0,0.0,0.0214228794440863
2025-12-30,173.3,5605720,-0.0153461554958541,0.0081629070302917,MOEX,0.0,0.0,0.0,0.0,0.0,0.0,-0.0098271119455794
2026-01-05,172.95,696,-0.0102393899677692,0.0086926565626753,MOEX,0.0,0.0,0.0,0.0,0.0,0.0,-0.0153461554958541
2026-01-06,172.48,622,0.0032520353863773,0.0088080583708394,MOEX,0.0,0.0,0.0,0.0,0.0,0.0,-0.0102393899677692
2026-01-08,171.99,370,-0.0004650351766651,0.0088118753046278,MOEX,0.0,0.0,0.0,0.0,0.0,0.0,0.0032520353863773
2026-01-09,174.22,343,0.0165522616913072,0.009290343612825,MOEX,0.0,0.0,0.0,0.0,0.0,0.0,-0.0004650351766651
2026-01-12,173.0,654,-0.0029436401158013,0.0090160618250729,MOEX,0.0,0.0,0.0,0.0,0.0,0.0,0.0165522616913072
2026-01-13,171.46,659,-0.0090571915016183,0.0091691045127357,MOEX,0.0,0.0,0.0,0.0,0.0,0.0,-0.0029436401158013
2026-01-14,172.26,489,0.0081604556375549,0.008936219653849,MOEX,0.0,0.0,0.0,0.0,0.0,0.0,-0.0090571915016183
2026-01-15,173.13,2939350,0.007653542317109,0.0075896409930856,MOEX,0.0,0.0,0.0,0.0,0.0,0.0,0.0081604556375549
2026-01-16,176.1,3329970,0.015623976504364,0.0081581880061064,MOEX,0.0,0.0,0.0,0.0,0.0,0.0,0.007653542317109
2026-01-19,177.98,990,0.0098244819346284,0.0075090143173487,MOEX,0.0,0.0,0.0,0.0,0.0,0.0,0.015623976504364
2026-01-20,180.58,561,0.0201371610401291,0.008203053207692,MOEX,0.0,0.0,0.0,0.0,0.0,0.0,0.0098244819346284
2026-01-21,182.79,505,0.0162147827868797,0.0086943500537114,MOEX,0.0,0.0,0.0,0.0,0.0,0.0,0.0201371610401291
2026-01-22,180.19,1051,-0.0082350480585802,0.009163268590052,MOEX,0.0,0.0,0.0,0.0,0.0,0.0,0.0162147827868797
2026-01-23,181.45,2957490,0.0068572961288995,0.0085246759047694,MOEX,0.0,0.0,0.0,0.0,0.0,0.0,-0.0082350480585802
2026-01-26,180.6,1242,-0.0076670995294305,0.0086244831705728,MOEX,0.0,0.0,0.0,0.0,0.0,0.0,0.0068572961288995
2026-01-27,184.8,811,0.0272065925022575,0.0100024403442654,MOEX,0.0,0.0,0.0,0.0,0.0,0.0,-0.0076670995294305
2026-01-28,183.19,627,-0.0102642984414311,0.010313880868102,MOEX,0.0,0.0,0.0,0.0,0.0,0.0,0.0272065925022575
2026-01-29,184.89,7329180,0.0072194641156287,0.0102217613557042,MOEX,0.0,0.0,0.0,0.0,0.0,0.0,-0.0102642984414311
2026-01-30,181.98,7579540,-0.0195353784277027,0.0109935146251979,MOEX,0.0,0.0,0.0,0.0,0.0,0.0,0.0072194641156287
2026-02-02,182.0,943,-0.0077173968861458,0.0111188741867467,MOEX,0.0,0.0,0.0,0.0,0.0,0.0,-0.0195353784277027
2026-02-03,188.17,942,0.0310340888045407,0.0121835109356201,MOEX,0.0,0.0,0.0,0.0,0.0,0.0,-0.0077173968861458
2026-02-04,183.79,879,-0.0199317091774767,0.0126379564407617,MOEX,0.0,0.0,0.0,0.0,0.0,0.0,0.0310340888045407
2026-02-05,180.6,586,-0.011013327177983,0.0127618741591122,MOEX,0.0,0.0,0.0,0.0,0.0,0.0,-0.0199317091774767
2026-02-06,179.17,3629580,-0.011487043987131,0.0129455087132632,MOEX,0.0,0.0,0.0,0.0,0.0,0.0,-0.011013327177983
2026-02-09,178.3,1062,-0.0139239230889814,0.0133617626483339,MOEX,0.0,0.0,0.0,0.0,0.0,0.0,-0.011487043987131
2026-02-10,178.81,594,0.0028562647180168,0.0116896282363971,MOEX,0.0,0.0,0.0,0.0,0.0,0.0,-0.0139239230889814
2026-02-11,179.41,511,0.0046930082222597,0.0115736334684137,MOEX,0.0,0.0,0.0,0.0,0.0,0.0,0.0028562647180168
2026-02-12,180.78,4512940,0.0072170412624823,0.0115566004792364,MOEX,0.0,0.0,0.0,0.0,0.0,0.0,0.0046930082222597
2026-02-13,183.4,543,0.0120681662134856,0.0110399039539017,MOEX,0.0,0.0,0.0,0.0,0.0,0.0,0.0072170412624823
2026-02-16,181.19,754,-0.0087917484804964,0.0109671898798686,MOEX,0.0,0.0,0.0,0.0,0.0,0.0,0.0120681662134856
2026-02-17,181.8,524,0.0041339455317283,0.0081958230752135,MOEX,0.0,0.0,0.0,0.0,0.0,0.0,-0.0087917484804964
2026-02-18,181.59,531,0.0026468170952609,0.0070314878161781,MOEX,0.0,0.0,0.0,0.0,0.0,0.0,0.0041339455317283
2026-02-19,182.01,429,0.0091067770694325,0.0069177828781934,MOEX,0.0,0.0,0.0,0.0,0.0,0.0,0.0026468170952609
2026-02-20,181.5,521,0.0017094492568892,0.0064186449018539,MOEX,0.0,0.0,0.0,0.0,0.0,0.0,0.0091067770694325
2026-02-24,183.19,1219,0.0108121028034531,0.005609754139739,MOEX,0.0,0.0,0.0,0.0,0.0,0.0,0.0017094492568892
2026-02-25,184.2,588,0.0063720499893356,0.0057290970148281,MOEX,0.0,0.0,0.0,0.0,0.0,0.0,0.0108121028034531
2026-02-26,183.25,2024620,-0.0067981227138209,0.0059397760325502,MOEX,0.0,0.0,0.0,0.0,0.0,0.0,0.0063720499893356
2026-02-27,183.19,498,-0.0011456942249967,0.0057753460808062,MOEX,0.0,0.0,0.0,0.0,0.0,0.0,-0.0067981227138209
2026-03-02,182.17,1384,-0.0097780256289855,0.0056308377215565,MOEX,0.0,0.0,0.0,0.0,0.0,0.0,-0.0011456942249967
2026-03-03,180.0,594,-0.0042686540965526,0.0055812598978658,MOEX,0.0,0.0,0.0,0.0,0.0,0.0,-0.0097780256289855
2026-03-04,178.73,2860700,-0.0026820153530102,0.0055648362047565,MOEX,0.0,0.0,0.0,0.0,0.0,0.0,-0.0042686540965526
2026-03-05,177.77,1012,-0.0080677226207031,0.0057633051136598,MOEX,0.0,0.0,0.0,0.0,0.0,0.0,-0.0026820153530102
2026-03-06,176.02,846,-0.0038557543799848,0.0052309573831156,MOEX,0.0,0.0,0.0,0.0,0.0,0.0,-0.0080677226207031
2026-03-09,177.0,861,0.0039626431700045,0.0053276323150301,MOEX,0.0,0.0,0.0,0.0,0.0,0.0,-0.0038557543799848
2026-03-10,177.0,3856000,0.0010174665961707,0.004556725963984,MOEX,0.0,0.0,0.0,0.0,0.0,0.0,0.0039626431700045
2026-03-11,173.81,6212460,-0.0299257242032594,0.0081982868384838,MOEX,0.0,0.0,0.0,0.0,0.0,0.0,0.0010174665961707
2026-03-12,175.09,828,-0.0013697850438116,0.0084935066315735,MOEX,0.0,0.0,0.0,0.0,0.0,0.0,-0.0299257242032594
2026-03-13,175.35,769,0.0069244031857176,0.0087488498203346,MOEX,0.0,0.0,0.0,0.0,0.0,0.0,-0.0013697850438116
2026-03-16,174.9,1230,0.0018885746878681,0.0085139899115246,MOEX,0.0,0.0,0.0,0.0,0.0,0.0,0.0069244031857176
2026-03-17,175.79,542,0.0072507525563907,0.0086199317616202,MOEX,0.0,0.0,0.0,0.0,0.0,0.0,0.0018885746878681
2026-03-18,174.99,3127610,-0.0023402505044267,0.0085878602344463,MOEX,0.0,0.0,0.0,0.0,0.0,0.0,0.0072507525563907
2026-03-19,174.61,639,-0.0022310583894778,0.0083987825018123,MOEX,0.0,0.0,0.0,0.0,0.0,0.0,-0.0023402505044267
2026-03-20,175.8,612,0.0098320215834987,0.0086171582914304,MOEX,0.0,0.0,0.0,0.0,0.0,0.0,-0.0022310583894778
2026-03-23,174.82,766,-0.0013147742483329,0.0092186892897363,MOEX,0.0,0.0,0.0,0.0,0.0,0.0,0.0098320215834987
2026-03-24,173.46,2014830,-0.0060923229990991,0.0088000915612014,MOEX,0.0,0.0,0.0,0.0,0.0,0.0,-0.0013147742483329
2026-03-25,174.77,764,0.00925480120449,0.0058000714901411,MOEX,0.0,0.0,0.0,0.0,0.0,0.0,-0.0060923229990991
2026-03-26,171.88,740,-0.0073617119416366,0.0062433031618583,MOEX,0.0,0.0,0.0,0.0,0.0,0.0,0.00925480120449
2026-03-27,170.8,691,-0.0092080608647836,0.006285742134042,MOEX,0.0,0.0,0.0,0.0,0.0,0.0,-0.0073617119416366
2026-03-30,170.79,1170,0.0001756697413389,0.0062533517255649,MOEX,0.0,0.0,0.0,0.0,0.0,0.0,-0.0092080608647836
2026-03-31,169.8,4330910,0.0002945074384414,0.0060418119554748,MOEX,0.0,0.0,0.0,0.0,0.0,0.0,0.0001756697413389
2026-04-01,170.45,687,0.0076561033571944,0.0064045835008475,MOEX,0.0,0.0,0.0,0.0,0.0,0.0,0.0002945074384414
2026-04-02,169.4,719,0.0003542540038227,0.0065111810344253,MOEX,0.0,0.0,0.0,0.0,0.0,0.0,0.0076561033571944
2026-04-03,168.0,714,-0.0011303133360825,0.0055549763322045,MOEX,0.0,0.0,0.0,0.0,0.0,0.0,0.0003542540038227
2026-04-06,170.67,4992790,0.0173167058744,0.0066591765628593,MOEX,0.0,0.0,0.0,0.0,0.0,0.0,-0.0011303133360825
2026-04-07,170.62,596,0.0001758447881204,0.0065613162188561,MOEX,0.0,0.0,0.0,0.0,0.0,0.0,0.0173167058744
2026-04-08,171.0,597,0.001755926702265,0.0061664199923259,MOEX,0.0,0.0,0.0,0.0,0.0,0.0,0.0001758447881204
2026-04-09,170.5,543,-0.0021092109999012,0.0056531304321618,MOEX,0.0,0.0,2.0,0.0,0.0,0.0,0.001755926702265
2026-04-10,169.0,769,-0.003720879584558,0.0053882227738231,MOEX,0.20938041806221,0.296108626918926,2.0,0.0,0.0,2.0,-0.0021092109999012
2026-04-13,168.3,2689100,0.0004754546624692,0.0054675799612586,MOEX,-0.553818479180336,0.1281274364617381,8.0,0.20938041806221,0.296108626918926,2.0,-0.003720879584558
2026-04-14,171.4,668,0.0106162468083703,0.0061043341165453,MOEX,-0.4220285415649414,0.0278910141768722,2.0,-0.553818479180336,0.1281274364617381,8.0,0.0004754546624692
2026-04-15,171.6,724,0.0108983325123311,0.0066897198403098,MOEX,0.0,0.0,0.0,-0.4220285415649414,0.0278910141768722,2.0,0.0106162468083703
2026-04-16,171.98,473,0.0037283044468525,0.0065474757130823,MOEX,-0.6461833342909813,0.1287037934417421,4.0,0.0,0.0,0.0,0.0108983325123311
2026-04-17,171.86,2647510,-0.0013374038917425,0.0062814448040603,MOEX,0.0,0.0,0.0,-0.6461833342909813,0.1287037934417421,4.0,0.0037283044468525
2026-04-20,171.8,1015,-0.0035443516376047,0.0050980011856202,MOEX,0.0,0.0,0.0,0.0,0.0,0.0,-0.0013374038917425
2026-04-21,174.6,633,0.0197235926188148,0.0067699649667109,MOEX,0.0,0.0,1.0,0.0,0.0,0.0,-0.0035443516376047
2026-04-22,175.02,534,-0.0001713942929896,0.0067813835932849,MOEX,0.0,0.0,0.0,0.0,0.0,1.0,0.0197235926188148
2026-04-23,176.95,527,0.0160076333910029,0.0076376751019089,MOEX,-0.819256067276001,0.0,1.0,0.0,0.0,0.0,-0.0001713942929896
2026-04-24,173.99,593,-0.0141530639565169,0.0082800356032927,MOEX,0.0,0.0,0.0,-0.819256067276001,0.0,1.0,0.0160076333910029
2026-04-27,172.98,846,-0.0023674116782157,0.008282052478429,MOEX,0.0,0.0,0.0,0.0,0.0,0.0,-0.0141530639565169
2026-04-28,170.01,709,-0.0117534902736959,0.0083843935557133,MOEX,0.0,0.0,0.0,0.0,0.0,0.0,-0.0023674116782157
2026-04-29,170.19,1021,0.0011170229563236,0.0076891492789256,MOEX,0.0,0.0,0.0,0.0,0.0,0.0,-0.0117534902736959
2026-04-30,168.61,849,-0.002961034971704,0.0077468306132499,MOEX,0.0,0.0,0.0,0.0,0.0,0.0,0.0011170229563236
