date,price,volume,log_return,volatility,asset
2024-01-03,3285.0,195123,,,TCSG
2024-01-04,3261.0,149095,-0.007332755129391797,,TCSG
2024-01-05,3236.0,119787,-0.007695897610936821,,TCSG
2024-01-08,3250.0,175255,0.004316997145400918,,TCSG
2024-01-09,3294.5,303494,0.013599415030091393,,TCSG
2024-01-10,3293.5,181930,-0.00030358227312693155,,TCSG
2024-01-11,3278.0,287078,-0.0047173487769726335,,TCSG
2024-01-12,3355.5,404951,0.023367310294519068,,TCSG
2024-01-15,3426.0,589988,0.020792609285771296,,TCSG
2024-01-16,3271.0,1231048,-0.04629765134568127,,TCSG
2024-01-17,3184.0,868048,-0.026957480574110237,,TCSG
2024-01-18,3148.0,486459,-0.011370937426979809,,TCSG
2024-01-19,3108.5,545205,-0.012627035827901647,,TCSG
2024-01-22,3133.0,381978,0.007850717242799432,,TCSG
2024-01-23,3107.5,365306,-0.008172467567325524,,TCSG
2024-01-24,3077.0,271310,-0.00986344806282432,,TCSG
2024-01-25,3069.5,575862,-0.002440414454490775,,TCSG
2024-01-26,3093.0,453108,0.00762681181751869,,TCSG
2024-01-29,3162.0,486293,0.022063245084347656,,TCSG
2024-01-30,3219.5,607687,0.01802132920882076,,TCSG
2024-01-31,3183.0,438003,-0.011401919696145317,0.017256351107665942,TCSG
2024-02-01,3185.5,240198,0.0007851142744500323,0.017209252906568495,TCSG
2024-02-02,3157.5,160011,-0.008828687331896692,0.01723370401475222,TCSG
2024-02-05,3175.0,234931,0.005527057102145793,0.01725630442602966,TCSG
2024-02-06,3195.0,181753,0.006279455484843101,0.017002382204725927,TCSG
2024-02-07,3277.5,445065,0.025493848826219766,0.018047046152670228,TCSG
2024-02-08,3145.0,1262759,-0.04126704650331399,0.02024110466047474,TCSG
2024-02-09,3066.0,472760,-0.025440109702781495,0.019952899123539262,TCSG
2024-02-12,3056.0,940555,-0.00326690914534838,0.019051952126717862,TCSG
2024-02-13,3109.5,407167,0.01735507025753296,0.017135939565199907,TCSG
2024-02-14,3103.0,417472,-0.002092556095563772,0.016143808424028034,TCSG
2024-02-15,3129.0,19600,0.008344079220501923,0.016097602304267218,TCSG
2024-02-15,3057.0,428522,-0.02327942177804765,0.01669208789186968,TCSG
2024-03-18,3067.0,13382047,0.00326584222341698,0.016597735210436965,TCSG
2024-03-19,3252.5,10500258,0.05872404627240871,0.021194101575906624,TCSG
2024-03-20,3149.5,15400492,-0.032180221324676656,0.022419167688535732,TCSG
2024-03-21,3067.0,4473327,-0.026543824947732223,0.023255408334228202,TCSG
2024-03-22,3012.0,4020801,-0.018095575194467348,0.023518827833683795,TCSG
2024-03-25,3096.0,2676303,0.027506645789833514,0.023833150830430597,TCSG
2024-03-26,3135.5,2666726,0.012677695273457768,0.02363719045100982,TCSG
2024-03-27,3155.0,2267007,0.006199844992237911,0.023569713387695132,TCSG
2024-03-28,3119.0,1113254,-0.011476058367510259,0.023695246627533136,TCSG
2024-03-29,3163.0,1679192,0.014008506697845568,0.023850658645733745,TCSG
2024-04-01,3205.0,2342909,0.013191146049121522,0.024003740569727375,TCSG
2024-04-02,3186.0,2185151,-0.005945878884776604,0.0240036816302661,TCSG
2024-04-03,3174.5,1943172,-0.003616071859489218,0.02323780566377693,TCSG
2024-04-04,3128.0,1783947,-0.014756316945302942,0.02155068239893655,TCSG
2024-04-05,3140.0,1153554,0.0038289772370972515,0.02072971206087989,TCSG
2024-04-08,3153.5,1317913,0.004290147201406941,0.020713017334176208,TCSG
2024-04-09,3129.0,1252582,-0.007799482434823751,0.02046633837109379,TCSG
2024-04-10,3134.0,1965897,0.001596679247084024,0.020460144642194054,TCSG
2024-04-11,3108.0,852258,-0.008330711428428065,0.020463296444521353,TCSG
2024-04-12,3086.5,727552,-0.006941669653587514,0.019815058884122796,TCSG
2024-04-15,3101.0,964057,0.004686877266498435,0.019828116688494855,TCSG
2024-04-16,3069.0,952751,-0.010372864480712743,0.014448586201323452,TCSG
2024-04-17,3028.0,1888978,-0.013449440062396803,0.012983843383192997,TCSG
2024-04-18,3071.0,1793821,0.014100905883482888,0.012084323784786181,TCSG
2024-04-19,3073.5,1236675,0.000813735906241683,0.011303135127596299,TCSG
2024-04-22,3065.5,789949,-0.002606289144321552,0.009440005637901625,TCSG
2024-04-23,3103.5,2642338,0.012319818650964839,0.00941402560953077,TCSG
2024-04-24,3098.0,525955,-0.0017737648768934207,0.009282704581576769,TCSG
2024-04-25,3097.0,640974,-0.0003228410036111361,0.00894345497802585,TCSG
2024-04-26,3090.5,582898,-0.002101010873874837,0.008282890831087941,TCSG
2024-04-27,3086.0,641493,-0.0014571361762218706,0.007563559162147326,TCSG
2024-04-29,3090.5,315773,0.0014571361762218732,0.007535812575039577,TCSG
2024-04-30,3084.0,181451,-0.0021054344161078905,0.007521271941523206,TCSG
2024-05-02,3079.0,429772,-0.0016225867587197295,0.006840539098540094,TCSG
2024-05-03,3055.0,569110,-0.007825276318804643,0.006922307504206117,TCSG
2024-05-06,3153.5,2463155,0.03173335449801026,0.010096131068504054,TCSG
2024-05-07,3136.5,1503299,-0.005405418566907935,0.010012637895858385,TCSG
2024-05-08,3086.0,1768531,-0.01623177461369186,0.01064771315921437,TCSG
2024-05-10,3100.0,506724,0.004526357550131456,0.010555039118846374,TCSG
2024-05-13,3087.5,1606513,-0.004040409537004974,0.01047612116649797,TCSG
2024-05-14,3095.0,834621,0.0024262041824637975,0.010435189775423272,TCSG
2024-05-15,3100.0,648588,0.001614205354541201,0.01015437928111927,TCSG
2024-05-16,3089.5,1755159,-0.0033928459722034,0.009664304777623499,TCSG
2024-05-17,3060.0,796166,-0.009594349554607768,0.009423831978714048,TCSG
2024-05-20,3022.5,2371054,-0.012330612457478674,0.009801691843274169,TCSG
2024-05-21,2999.5,814053,-0.007638695395799959,0.009913468255435176,TCSG
2024-05-22,2954.5,1122087,-0.015116176307418497,0.009858551470837282,TCSG
2024-05-23,2967.0,1973783,0.004221909505092467,0.00997103684615672,TCSG
2024-05-24,2909.5,1001431,-0.019570096194097223,0.01068745698622075,TCSG
2024-05-27,2822.0,2334412,-0.030535391683965317,0.012312173987846554,TCSG
2024-05-28,2867.0,1263333,0.01582033347061042,0.013119826092021298,TCSG
2024-05-29,2929.0,2305544,0.021394880944363714,0.014240361051180157,TCSG
2024-05-30,2897.0,1612042,-0.010985349058383082,0.014359321289663668,TCSG
2024-05-31,2810.0,1610304,-0.03049123544155894,0.015597648853649868,TCSG
2024-06-03,2804.0,2063548,-0.002137514173310755,0.015587040115682729,TCSG
2024-06-04,2893.0,1439069,0.03124705682165433,0.015528161788862559,TCSG
2024-06-05,2919.0,1837416,0.008947065877979615,0.01580411285938098,TCSG
2024-06-06,2912.5,995118,-0.0022292729801587983,0.015522405402622709,TCSG
2024-06-07,2957.0,1426024,0.015163421978521115,0.01596590224781388,TCSG
2024-06-10,2886.5,1394940,-0.02413054535148894,0.016692558796855574,TCSG
2024-06-11,2890.5,1160771,0.0013848020215424652,0.01667515555190938,TCSG
2024-06-13,2886.0,1442269,-0.0015580371887146424,0.016639820913368335,TCSG
2024-06-14,2906.0,989265,0.006906104796411996,0.016804350449127647,TCSG
2024-06-17,2897.0,1000555,-0.0031018463608778486,0.016734072812411637,TCSG
2024-06-18,2815.5,1035570,-0.028535853074677243,0.01759331346478884,TCSG
2024-06-19,2774.0,1265521,-0.014849543819896309,0.017754719763234495,TCSG
2024-06-20,2923.0,2520557,0.05232016423646901,0.021518584197579547,TCSG
2024-06-21,2939.1,2008780,0.005492925907460395,0.021535245514585258,TCSG
2024-06-21,2884.5,1278415,-0.018751837321762096,0.021497798582287612,TCSG
2024-06-24,2868.0,1229889,-0.00573665197743312,0.02035488068314027,TCSG
2024-06-25,2895.5,652885,0.009542884946333558,0.02015866748269237,TCSG
2024-06-26,2959.5,1220853,0.021862527464935208,0.02018444070192549,TCSG
2024-06-27,2958.0,1170551,-0.0005069708600345725,0.020005335808637205,TCSG
2024-06-28,2968.5,757573,0.0035434104399850114,0.018578507715446925,TCSG
2024-07-01,2991.5,1011313,0.0077181591193563,0.01857293162048423,TCSG
2024-07-02,2940.0,922777,-0.01736535249735924,0.01788236239585351,TCSG
2024-07-03,2903.5,858070,-0.012492675520622753,0.018010792049106217,TCSG
2024-07-04,2831.5,1136861,-0.025110299258244827,0.01884923856210917,TCSG
2024-07-05,2815.5,1253558,-0.00566674085918653,0.01845666044117949,TCSG
2024-07-08,2795.0,713434,-0.007307759105473681,0.017787900913092142,TCSG
2024-07-09,2674.5,1655029,-0.044069659617894705,0.02013411635735356,TCSG
2024-07-10,2605.5,2058462,-0.026137851622035517,0.02072618159031514,TCSG
2024-07-11,2741.0,1699848,0.05069822195351645,0.02410110947604362,TCSG
2024-07-12,2692.5,1451775,-0.017852687272242155,0.02433148062597449,TCSG
2024-07-15,2614.5,1506338,-0.02939725540235838,0.02437854827823536,TCSG
2024-07-16,2652.0,2549096,0.01424119767756772,0.024545783509254637,TCSG
2024-07-17,2627.5,1622790,-0.009281248554646902,0.020937701462521646,TCSG
2024-07-18,2736.0,1642677,0.040464175991334846,0.023224423173989744,TCSG
2024-07-19,2746.0,2052128,0.0036483075854753817,0.022993239996684154,TCSG
2024-07-22,2772.5,1802140,0.009604132896605687,0.023133641611902934,TCSG
2024-07-23,2729.0,1856879,-0.01581419851618368,0.023180234617180398,TCSG
2024-07-24,2710.0,1520316,-0.00698660683459192,0.022440000968395796,TCSG
2024-07-25,2685.0,1150313,-0.009267906930781509,0.022445442101605553,TCSG
2024-07-26,2613.5,2365698,-0.02699040878998853,0.022879320970716918,TCSG
2024-07-29,2570.5,1784693,-0.016589886657417206,0.022736836069955184,TCSG
2024-07-30,2655.5,1711905,0.03253252836689446,0.02429149104174233,TCSG
2024-07-31,2635.0,968578,-0.0077497788869911165,0.02423850045340092,TCSG
2024-08-01,2603.0,703078,-0.01221855598089727,0.023839532288814084,TCSG
2024-08-02,2574.0,916003,-0.011203516838493348,0.02388947049349363,TCSG
2024-08-05,2546.0,2137686,-0.010937609038720144,0.023925813326878823,TCSG
2024-08-06,2555.0,1404399,0.003528723520452984,0.022097412197589157,TCSG
2024-08-07,2607.5,2145104,0.020339684237122783,0.021899980948871446,TCSG
2024-08-08,2571.0,1563748,-0.014096979609038064,0.01854729400068189,TCSG
2024-08-09,2572.0,1171276,0.00038887809162041877,0.018234773201493217,TCSG
2024-08-12,2617.5,1624846,0.01753585738718192,0.017570449781725787,TCSG
2024-08-13,2631.5,1235081,0.005334362049141661,0.01730286248369129,TCSG
2024-08-14,2590.0,1047084,-0.01589615010025023,0.017543355205181462,TCSG
2024-08-15,2567.0,1167629,-0.00891997382244303,0.01468422739235654,TCSG
2024-08-16,2563.0,1219385,-0.0015594545070693273,0.014602569416344623,TCSG
2024-08-19,2615.5,2292277,0.020276836446594632,0.015283784527665198,TCSG
2024-08-20,2617.0,3157371,0.0005733397194800072,0.014992330258891934,TCSG
2024-08-21,2630.0,2002545,0.004955222641664433,0.015025040022485274,TCSG
2024-08-22,2575.0,1664397,-0.02113431207397373,0.015572329986571886,TCSG
2024-08-23,2530.0,2634024,-0.017630231376270615,0.014911261636505635,TCSG
2024-08-26,2576.0,1645400,0.018018505502678212,0.015090081922543545,TCSG
2024-08-27,2546.5,1270565,-0.011517940899584907,0.013205245140176316,TCSG
2024-08-28,2534.0,1203573,-0.0049207854435749055,0.0131565544363603,TCSG
2024-08-29,2504.0,1415546,-0.011909628661095219,0.013144044790247554,TCSG
2024-08-30,2397.0,2286677,-0.0436714977856048,0.016035535601273743,TCSG
2024-09-02,2245.5,3618862,-0.06528974190659158,0.02114339425528631,TCSG
2024-09-03,2256.0,3494462,0.004665120090156819,0.0211726471796113,TCSG
2024-09-04,2327.5,2213320,0.031201396533272613,0.02201249405980202,TCSG
2024-09-05,2297.0,2056548,-0.013190806462123866,0.021995182911217503,TCSG
2024-09-06,2316.0,1115360,0.008237636003787593,0.022177571727409126,TCSG
2024-09-09,2411.5,2143632,0.0404074008161407,0.02393404955949692,TCSG
2024-09-10,2388.0,2128302,-0.009792764996533851,0.023859169089294006,TCSG
2024-09-11,2322.5,1708881,-0.027812003824499155,0.024294204722598346,TCSG
2024-09-12,2315.5,1566464,-0.0030185447671869023,0.024285686999224478,TCSG
2024-09-13,2329.0,2705134,0.005813343963534242,0.024398840585952656,TCSG
2024-09-16,2432.0,2164031,0.04327497320171666,0.026123265918526636,TCSG
2024-09-17,2448.5,2109432,0.00676162805631452,0.026212257075357386,TCSG
2024-09-18,2442.5,1938748,-0.0024534872254342727,0.026141295932637847,TCSG
2024-09-19,2470.0,1723114,0.011196045705084996,0.026005596922155223,TCSG
2024-09-20,2476.5,1219640,0.0026281224062694084,0.0257614875835883,TCSG
2024-09-20,2529.0,1872816,0.020977694641672685,0.025885084694830977,TCSG
2024-09-23,2585.0,1565434,0.02190154027256436,0.02624121316689455,TCSG
2024-09-24,2642.5,2538547,0.0219999308018633,0.026622679705537212,TCSG
2024-09-25,2659.5,6879887,0.006412696437979567,0.026429900955875697,TCSG
2024-09-26,2614.0,3651559,-0.01725651999820505,0.02456870825136151,TCSG
2024-09-27,2643.0,2809075,0.011033020420121973,0.018317499579461348,TCSG
2024-09-30,2623.5,2650083,-0.007405331477522706,0.018634444332723658,TCSG
2024-10-01,2560.5,3901901,-0.02430675222416143,0.019054696533127635,TCSG
2024-10-02,2498.5,3716883,-0.024512000118345267,0.01977104885731603,TCSG
2024-10-03,2589.0,4110641,0.035581148967277834,0.020973475522986597,TCSG
2024-10-04,2547.5,3247929,-0.016159214654657725,0.019810340876358908,TCSG
2024-10-07,2523.5,2613251,-0.00946565931656277,0.0197995786772591,TCSG
2024-10-08,2531.0,2030351,0.002967654764807075,0.01844836060366271,TCSG
2024-10-09,2568.0,4250882,0.014512904264727674,0.01849882640264896,TCSG
2024-10-10,2566.5,1862046,-0.0005842828094939124,0.01854247112606115,TCSG
2024-10-11,2546.0,1440271,-0.008019602883006061,0.01636872330241446,TCSG
2024-10-14,2598.5,3137163,0.02041085533114478,0.01684262887769186,TCSG
2024-10-15,2619.5,2842964,0.008049104399777846,0.016828257801901555,TCSG
2024-10-16,2601.5,2276900,-0.00689525811791622,0.016878844663743155,TCSG
2024-10-17,2577.5,1882034,-0.009268264839243246,0.017085907816229002,TCSG
2024-10-18,2568.5,2070390,-0.0034978659837924097,0.016522222986796724,TCSG
2024-10-21,2584.0,1972627,0.006016514995170008,0.015820067631141837,TCSG
2024-10-22,2555.0,1956564,-0.01128636226468768,0.015116938024960872,TCSG
2024-10-23,2483.5,3271471,-0.028383368090399614,0.01610606220684303,TCSG
2024-10-24,2532.0,3866757,0.019340648716661506,0.016525233188413643,TCSG
2024-10-25,2409.0,6895159,-0.04979778064919541,0.01942295820448646,TCSG
2024-10-28,2322.5,6429933,-0.036567531926877776,0.020694846132949595,TCSG
2024-10-29,2390.0,6183809,0.02864917423756271,0.021609385070715685,TCSG
2024-10-30,2341.0,5236207,-0.020715177434645633,0.021430509693598228,TCSG
2024-10-31,2327.5,4488913,-0.005783458339688617,0.019383405988556934,TCSG
2024-11-01,2344.0,3976727,0.007064141545681125,0.019395744313511834,TCSG
2024-11-02,2312.6,3887345,-0.013486439002041871,0.01947428210293582,TCSG
2024-11-05,2324.2,3163340,0.0050034610939119,0.019519886491526268,TCSG
2024-11-06,2373.6,7943938,0.021031896187838836,0.019900610642555973,TCSG
2024-11-07,2482.0,6940349,0.04465689678794044,0.022678934510428118,TCSG
2024-11-08,2573.0,9908282,0.03600784651719158,0.024121484672262487,TCSG
2024-11-11,2614.2,8420119,0.015885590069707235,0.023945742623086894,TCSG
2024-11-12,2549.8,6717022,-0.024943198647429426,0.024513581066500544,TCSG
2024-11-13,2524.0,7647823,-0.010169980042918124,0.0245634664014179,TCSG
2024-11-14,2554.0,6830166,0.01181581293138093,0.02466530127757125,TCSG
2024-11-15,2603.6,6473766,0.019234345105747546,0.025038783379128588,TCSG
2024-11-18,2640.4,11502908,0.014035318116383583,0.025192485809346958,TCSG
2024-11-19,2591.0,12502963,-0.018886519252505802,0.025444890019848013,TCSG
2024-11-20,2540.2,9962949,-0.01980108349189089,0.024997034161946183,TCSG
2024-11-21,2576.4,10618712,0.014150257602516668,0.024824352941019662,TCSG
2024-11-22,2444.8,12281914,-0.05242975570053429,0.025112390266548944,TCSG
2024-11-25,2339.6,7803585,-0.043983345403330695,0.025739127320263497,TCSG
2024-11-26,2274.0,10453756,-0.028439579258389372,0.025602742548549145,TCSG
2024-11-27,2384.8,16169268,0.04757486805338038,0.027525437359970126,TCSG
2024-11-28,2367.0,9862491,,,T
2024-11-29,2387.8,7774611,0.00874910939730415,,T
2024-12-02,2392.2,6214953,0.0018410047040762394,,T
2024-12-03,2352.0,6196687,-0.016947414596846733,,T
2024-12-04,2288.6,8309368,-0.027325753134903166,,T
2024-12-05,2371.0,9736023,0.03537153018179123,,T
2024-12-06,2350.0,8375821,-0.008896478927200793,,T
2024-12-09,2395.0,6292380,0.018967902706811045,,T
2024-12-10,2345.2,6593828,-0.021012544754955672,,T
2024-12-11,2346.4,5209213,0.0005115525731813769,,T
2024-12-12,2305.4,4913532,-0.017628041496329044,,T
2024-12-13,2289.0,4275645,-0.007139156214345504,,T
2024-12-16,2182.0,8219587,-0.04787315355955057,,T
2024-12-17,2221.4,6763471,0.017895740340003463,,T
2024-12-18,2260.2,7497003,0.017315677193030708,,T
2024-12-19,2272.0,9957933,0.005207195914991754,,T
2024-12-20,2259.5,317940,-0.005516950989707566,,T
2024-12-20,2543.0,16773829,0.11820093657078527,,T
2024-12-23,2624.4,12442170,0.03150781204860294,,T
2024-12-24,2569.6,9703547,-0.02110205371828004,,T
2024-12-25,2634.4,11111715,0.02490520730971198,0.03405404556187609,T
2024-12-26,2625.8,7248883,-0.003269840562144485,0.03409695612199508,T
2024-12-27,2637.0,4518292,0.004256295853276569,0.03409038492795273,T
2024-12-28,2662.8,4057613,0.00973629337326203,0.03371157603382063,T
2024-12-30,2752.2,5333925,0.03302239110463253,0.033249954096715564,T
2025-01-03,2687.6,4642298,-0.023751989785186355,0.03343056917609977,T
2025-01-06,2714.0,5521016,0.009774959348819563,0.03324502787739497,T
2025-01-08,2750.6,4910929,0.013395508285792815,0.03316446932813959,T
2025-01-09,2734.0,11102461,-0.006053331396712459,0.032666251896440825,T
2025-01-10,2900.0,16996299,0.05894499869067049,0.034551094047661546,T
2025-01-13,2891.6,16744413,-0.0029007548484233326,0.03407162724515884,T
2025-01-14,2938.0,11165469,0.01591909560768062,0.03380291777351283,T
2025-01-15,2985.6,7182072,0.016071653919201984,0.0306731220462724,T
2025-01-16,2980.8,4857781,-0.0016090108057005513,0.030908069339422778,T
2025-01-17,3052.8,5197476,0.023867481406643486,0.030971876424649707,T
2025-01-20,2969.8,6848888,-0.027564591792006318,0.032354953292769884,T
2025-01-21,3041.8,3969570,0.02395483497630734,0.03211871905076086,T
2025-01-22,3005.8,4169278,-0.011905689938274355,0.02151214369532347,T
2025-01-23,3022.2,2892449,0.005441287479665745,0.020814211732321723,T
2025-01-24,3009.6,2554246,-0.004177863432893827,0.01993460032107306,T
2025-01-27,2912.8,2939497,-0.03269236168554216,0.021451774793080042,T
2025-01-28,3004.6,4782338,0.031029629767099613,0.022114709647383633,T
2025-01-29,3020.2,3914518,0.005178606713365512,0.02211022352169041,T
2025-01-30,3057.0,3548643,0.012110988549145761,0.022133276018618076,T
2025-01-31,3041.8,3858582,-0.004984597452566051,0.021391840868211828,T
2025-02-03,3036.2,3068200,-0.0018427119396537315,0.020378838600575606,T
2025-02-04,3000.6,2577578,-0.011794464845701666,0.020741514975763268,T
2025-02-05,3079.8,5044981,0.026052391141399515,0.021198578928657574,T
2025-02-06,3103.0,4290878,0.007504725654067572,0.0210205844075712,T
2025-02-07,3105.0,2281690,0.0006443299191990233,0.016997671712359785,T
2025-02-10,3143.8,5373376,0.0124185439265585,0.01704318425998614,T
2025-02-11,3176.0,3027856,0.010190284072888692,0.016882911652906597,T
2025-02-12,3373.2,11440493,0.06023930533346018,0.02095674874812687,T
2025-02-13,3328.0,8467324,-0.013490325759387235,0.021351552873816543,T
2025-02-14,3364.4,9009016,0.010878118147183069,0.02095765724590861,T
2025-02-17,3492.0,7299395,0.037224996871210614,0.020687602216048574,T
2025-02-18,3390.6,6430115,-0.02946774109564019,0.021943366006826493,T
2025-02-19,3455.0,3513605,0.01881556033791761,0.02174045822886469,T
2025-02-20,3436.6,2535378,-0.0053398466891254786,0.02191317304312169,T
2025-02-21,3425.0,2372617,-0.00338113881631906,0.02189359916594386,T
2025-02-24,3452.0,1947018,0.007852301506992886,0.019859664612975867,T
2025-02-25,3434.6,2585382,-0.005053302653556902,0.019336558081955172,T
2025-02-26,3324.8,4009962,-0.032490948644853385,0.021232911504226064,T
2025-02-27,3241.6,4258925,-0.025342486850544146,0.02218486771848696,T
2025-02-28,3287.6,6590703,0.014090780219980684,0.02223660387368161,T
2025-03-03,3215.2,3760012,-0.0222682511393536,0.022970469955119175,T
2025-03-04,3383.2,4585936,0.05093244302328749,0.02505169489803984,T
2025-03-05,3327.6,4332986,-0.016570683748546148,0.02506906616074553,T
2025-03-06,3368.2,2914308,0.01212715361222114,0.02512559050167217,T
2025-03-07,3414.8,6945105,0.013740449114197558,0.0252013156957927,T
2025-03-10,3422.6,2718188,0.0022815700071999023,0.025140945072600254,T
2025-03-11,3419.8,3267959,-0.0008184263288586892,0.02512451380199142,T
2025-03-12,3417.2,2439156,-0.0007605675370290568,0.021312820683728,T
2025-03-13,3374.2,5686390,-0.012663243105589153,0.021284727595578843,T
2025-03-14,3440.4,3145114,0.019429484505450016,0.021583959107946082,T
2025-03-17,3533.8,3415752,0.02678603550522532,0.02077592216459065,T
2025-03-18,3564.8,7228220,0.008734172110360495,0.019588734123301203,T
2025-03-19,3640.0,3306752,0.020875730337876024,0.019684202200151685,T
2025-03-20,3632.4,3963592,-0.002090094815113018,0.01962847541402332,T
2025-03-21,3642.6,225700,0.0028041255487701307,0.01957510353056979,T
2025-03-21,3605.0,2680612,-0.010375941645393886,0.01976463627594271,T
2025-03-24,3597.6,2574809,-0.0020548142625518725,0.01971829113297478,T
2025-03-25,3619.8,3251154,0.006151819218273547,0.01794106745076287,T
2025-03-26,3557.6,2205657,-0.01733261547828448,0.017324510812485865,T
2025-03-27,3398.8,4634442,-0.045663732067100296,0.02047663921942255,T
2025-03-28,3304.0,6145683,-0.02828857248851767,0.020887095988464423,T
2025-03-31,3365.4,5111433,0.018412971101477646,0.017873517229366056,T
2025-04-01,3252.2,4635145,-0.034215136350724276,0.019113240984860357,T
2025-04-02,3302.2,3563249,0.015257222606109984,0.01924003879188337,T
2025-04-03,3272.4,4465284,-0.009065252358188848,0.01899535279744034,T
2025-04-04,3040.0,7285667,-0.07366614523927582,0.02477821245917168,T
2025-04-07,3096.6,12505855,0.018447219982468958,0.025355046214002672,T
2025-04-08,2999.6,5646723,-0.0318257889555022,0.026026637917765622,T
2025-04-09,3148.8,9178622,0.048542481430699974,0.028724472001301505,T
2025-04-10,3101.2,4409546,-0.015232294513130464,0.028313671579722414,T
2025-04-11,3169.4,3802686,0.021753162163904025,0.028035520061841835,T
2025-04-14,3104.0,3572386,-0.02085069320559856,0.028028691381727654,T
2025-04-15,3147.8,2546637,0.014012193814391253,0.02771065798746656,T
2025-04-16,3172.0,2934512,0.007658507637238083,0.027891604868898533,T
2025-04-17,3225.0,3543768,0.016570646475134343,0.02830725924668894,T
2025-04-18,3145.8,3612833,-0.024864720423330655,0.028606581177057715,T
2025-04-21,3225.0,3129888,0.024864720423330624,0.029462715448968366,T
2025-04-22,3276.2,3814374,0.015751263940658122,0.029738850166159743,T
2025-04-23,3214.6,4234967,-0.018981281035490256,0.02977713326732745,T
2025-04-24,3212.0,1949164,-0.0008091370683882931,0.0282064825953262,T
2025-04-25,3284.4,3488238,0.02229019076798154,0.028070513733366168,T
2025-04-28,3279.8,4586430,-0.0014015419252884445,0.027722903107273388,T
2025-04-29,3224.6,2318600,-0.01697353337970596,0.026900999137860995,T
2025-04-30,3169.8,2833963,-0.017140417131314208,0.02688232666400068,T
2025-05-02,3006.8,2645295,-0.05279210409501132,0.02916452758795255,T
2025-05-05,2946.2,4087190,-0.02036018592247598,0.024556919986744516,T
2025-05-06,3042.0,4417015,0.031998989438400294,0.02531353909091482,T
2025-05-07,3038.0,3366227,-0.0013157896635199685,0.024247966069719948,T
2025-05-08,3055.2,1454793,0.005645652755588243,0.021532562902069508,T
2025-05-12,3158.4,3920262,0.033220513327855986,0.022606220625060472,T
2025-05-13,3162.0,1737185,0.001139168530254801,0.022069637212985032,T
2025-05-14,3084.8,1888835,-0.024717913353190735,0.022276824075221767,T
2025-05-15,3102.0,3057867,0.005560239320257524,0.02207003158198648,T
2025-05-16,3072.8,3199482,-0.009457866704789063,0.02205937271417876,T
2025-05-19,3085.4,3646340,0.004092110546144099,0.021692137471243742,T
2025-05-20,3059.0,1667804,-0.00859324342693574,0.02109475259389698,T
2025-05-21,3005.8,1972166,-0.017544309650909393,0.020436994547202277,T
2025-05-22,3060.0,4783855,0.017871160446432405,0.020547400039183396,T
2025-05-23,3080.8,2243664,0.006774387554272787,0.020326266432724505,T
2025-05-26,3023.2,1995940,-0.018873430465419994,0.020663243372586564,T
2025-05-27,3107.2,3345309,0.027406126061726457,0.021021728961153313,T
2025-05-28,3225.0,5147927,0.03721095113286713,0.022848062887940845,T
2025-05-29,3174.8,2910178,-0.015688312013152298,0.022802066871557287,T
2025-05-30,3191.8,2266731,0.005340382748365558,0.022505200592364324,T
2025-06-02,3185.0,4610198,-0.0021327319588223302,0.018746763962984237,T
2025-06-03,3266.0,2860540,0.0251137055241468,0.018536350205712992,T
2025-06-04,3286.6,4842464,0.006287601216779029,0.01743533835251262,T
2025-06-05,3299.0,1676368,0.0037657964813919698,0.0173928116813995,T
2025-06-06,3203.2,8672840,-0.029469082107680043,0.018934797878614597,T
2025-06-09,3203.8,2761010,0.00018729514648183342,0.01748705117470799,T
2025-06-10,3154.0,2427115,-0.015666116744399463,0.01786519021539238,T
2025-06-11,3165.0,1799069,0.0034815670552929704,0.016909456362669606,T
2025-06-13,3133.6,1012482,-0.009970552226655086,0.017058662930089754,T
2025-06-16,3152.0,1851030,0.005854668626148145,0.01693104269382201,T
2025-06-17,3210.0,1914454,0.018233765146291818,0.017345228047635775,T
2025-06-18,3194.4,1562584,-0.004871660375049928,0.017245510336556354,T
2025-06-19,3180.8,1540682,-0.0042665392867566815,0.016693558280909255,T
2025-06-20,3185.0,318378,0.0013195515440088063,0.01631459113793048,T
2025-06-20,3158.0,1346678,-0.008513373190676354,0.01643689589868022,T
2025-06-23,3160.2,1853999,0.0006964009018112333,0.015744597229813886,T
2025-06-24,3193.6,1910525,0.010513490399746282,0.014743404227033475,T
2025-06-25,3240.6,2248818,0.014609690709755667,0.012555616836348328,T
2025-06-26,3235.6,1502722,-0.0015441156831029008,0.011997060307361876,T
2025-06-27,3260.0,1337979,0.007512813216955774,0.012048641157734031,T
2025-06-30,3268.0,2353449,0.0024509816191401607,0.012028349402897352,T
2025-07-01,3278.8,1858908,0.0032993247989820435,0.010665872797051808,T
2025-07-02,3268.2,1618317,-0.003238127161191905,0.010591944722011762,T
2025-07-03,3244.4,1284434,-0.007308941421494047,0.010658542101150059,T
2025-07-04,3217.4,1375886,-0.008356853239982092,0.00850029062165906,T
2025-07-07,3188.0,1026218,-0.009179819046101859,0.008756453429503657,T
2025-07-08,3157.0,1703644,-0.009771551352114043,0.008297326598315736,T
2025-07-09,3182.4,1612392,0.008013419541716079,0.008456398360499516,T
2025-07-10,3199.8,1161125,0.005452678734903759,0.00817142931079856,T
2025-07-11,3119.4,1613832,-0.025447632216886472,0.009995857035465724,T
2025-07-14,3243.0,3896976,0.038858151689592835,0.012723963365624612,T
2025-07-15,3316.8,2624520,0.022501635374197256,0.01355925432329557,T
2025-07-16,3351.0,2848566,0.010258346055795186,0.013601626409010062,T
2025-07-17,3281.6,2059527,-0.020927700419194225,0.014586452222143557,T
2025-07-18,3341.0,2474102,0.017939055038640295,0.014828557214908687,T
2025-07-21,3358.0,2364130,0.005075395280729577,0.014827933337663473,T
2025-07-22,3346.8,1376348,-0.003340893216042546,0.014783749474874588,T
2025-07-23,3335.8,2316112,-0.0032921347783708087,0.014541913258254033,T
2025-07-24,3306.2,1584208,-0.008913037024161179,0.014714039961347894,T
2025-07-25,3250.0,2982988,-0.01714449729512853,0.015172467835717973,T
2025-07-28,3170.0,3138273,-0.02492340845245685,0.01612967677297365,T
2025-07-29,3167.8,2094357,-0.0006942472430062727,0.016091519379262183,T
2025-07-30,3142.2,1869193,-0.008114149114823057,0.016152521382752874,T
2025-07-31,3156.6,1944368,0.004572307451319636,0.01616414924583699,T
2025-08-01,3144.4,1983917,-0.0038724060452150965,0.016093102096288423,T
2025-08-04,3214.0,1950882,0.02189317437785652,0.016762819541175037,T
2025-08-05,3219.4,2399664,0.0016787394746711184,0.01659157878783875,T
2025-08-06,3296.4,3887846,0.023635957117099454,0.01729312604973726,T
2025-08-07,3330.0,5357193,0.010141340085260965,0.017377399051871655,T
2025-08-08,3367.8,2623475,0.011287408201719218,0.01622756325720451,T
2025-08-11,3329.4,2984595,-0.011467604616298139,0.014297311833835435,T
2025-08-12,3341.2,1610442,0.003537916321840588,0.013420179917109852,T
2025-08-13,3315.0,1568446,-0.007872400261788315,0.013328870952694674,T
2025-08-14,3343.2,1868896,0.008470808513742635,0.012561099989506008,T
2025-08-15,3374.0,2322475,0.009170551972208105,0.012079986690838202,T
2025-08-18,3401.0,3818636,0.007970521901281818,0.012154921932940085,T
2025-08-19,3406.4,3764697,0.0015865091320196104,0.012119953740915883,T
2025-08-20,3410.4,1729749,0.001173571311785485,0.012080065598994438,T
2025-08-21,3382.2,2925496,-0.0083032011354163,0.012054187436467252,T
2025-08-22,3384.8,1517082,0.0007684350902735991,0.01126398027374736,T
2025-08-25,3356.0,1534170,-0.008545031818760955,0.009685950391821099,T
2025-08-26,3377.6,1074456,0.006415609506959252,0.00967945872753139,T
2025-08-27,3398.0,1167839,0.006021625137821201,0.009318702409384875,T
2025-08-28,3376.0,1476851,-0.006495446516029555,0.009601827215960562,T
2025-08-29,3334.8,1633435,-0.012278869179389335,0.010105851445885463,T
2025-09-01,3342.6,1344886,0.0023362397183664513,0.009068262027156814,T
2025-09-02,3310.0,1716426,-0.00980075788371614,0.009442677581220941,T
2025-09-03,3318.0,1422835,0.0024140023792812394,0.007872895164492386,T
2025-09-04,3327.6,1567405,0.0028891316593427523,0.007557757417280615,T
2025-09-05,3331.2,1038647,0.001081276010917019,0.00708257209181877,T
2025-09-08,3369.0,1446972,0.011283364985903281,0.007063181038134894,T
2025-09-09,3357.4,1974136,-0.0034490995182392286,0.007082528037912907,T
2025-09-10,3327.4,1415253,-0.008975646662671212,0.007152997814652712,T
2025-09-11,3280.0,2500930,-0.014347795847453026,0.007569787358347553,T
2025-09-12,3185.0,3503065,-0.029391133371925664,0.00951598775702607,T
2025-09-15,3162.6,2044470,-0.007057814917047564,0.00920207078654654,T
2025-09-16,3155.0,2014157,-0.002405978113902607,0.009125854931505709,T
2025-09-17,3170.6,1857298,0.0049323484338138915,0.009271930813699272,T
2025-09-18,3135.8,2173398,-0.011036519482777233,0.009363886678351124,T
2025-09-19,3155.0,277818,0.006104171048963436,0.0095740125634362,T
2025-09-19,3069.0,2302479,-0.02763672035557734,0.01095419190269817,T
2025-09-22,3108.8,2482629,0.012885024003439514,0.01137980320039213,T
2025-09-23,3097.0,3280501,-0.003802898649972891,0.011127020463092642,T
2025-09-24,3147.8,2749444,0.016269895144297813,0.012052871199060984,T
2025-09-25,3109.6,1529147,-0.012209695579487216,0.01205022888606616,T
2025-09-26,3114.0,1629069,0.0014139728559302055,0.012028480940322217,T
2025-09-29,3082.0,2033989,-0.010329336513882525,0.012043527616741469,T
2025-09-30,3078.0,2134775,-0.001298701481236572,0.01197487992912623,T
2025-10-01,3052.2,1716157,-0.008417393342050238,0.011911469401550686,T
2025-10-02,3010.8,2209607,-0.013656817896397264,0.012015204095314367,T
2025-10-03,2979.2,2069453,-0.010551016077629111,0.011430121816261875,T
2025-10-06,3021.2,2528855,0.013999295356544986,0.012281169046326796,T
2025-10-07,3045.8,1818583,0.008109488978297835,0.012600316661326045,T
2025-10-08,2912.0,3784652,-0.04492346210101403,0.015409725047986902,T
2025-10-09,2959.0,5186340,0.016011243083633116,0.015116196466053103,T
2025-10-10,2899.8,2202172,-0.020209604321116178,0.015550693028037106,T
2025-10-13,2905.0,2308711,0.0017916212069182264,0.015606362590500295,T
2025-10-14,2915.2,2053412,0.0035050377796275057,0.015565962703089145,T
2025-10-15,2901.0,1827910,-0.004882922944235138,0.015484302628492255,T
2025-10-16,3131.0,4381553,0.07629693720500164,0.023663675746014693,T
2025-10-17,3109.2,3398861,-0.0069869839703411265,0.022848354482124706,T
2025-10-20,3144.0,2370081,0.011130416193032537,0.02280222810886478,T
2025-10-21,3022.0,4023213,-0.03957701071641234,0.02450247812715206,T
2025-10-22,2960.0,3615777,-0.020729595514578873,0.024508764695439774,T
2025-10-23,2954.0,2062992,-0.002029084226780981,0.02441461513899457,T
2025-10-24,2905.0,2569329,-0.01672679380531351,0.024595253603220405,T
2025-10-27,2832.0,2502743,-0.025450214472401173,0.02504536710203894,T
2025-10-28,2917.0,3018041,0.02957251505411098,0.026161935045498522,T
2025-10-29,2926.6,1715942,0.003285648790604733,0.02615787976829096,T
2025-10-30,2978.8,2819429,0.017679195178164415,0.026366929840370666,T
2025-10-31,2940.0,1967011,-0.0131109535037632,0.02642426608576489,T
2025-11-01,2943.6,665995,0.0012237407197166485,0.026204690163271357,T
2025-11-03,2991.0,1035039,0.01597445757750421,0.026411542337449065,T
2025-11-05,2969.8,2481417,-0.007113169167986807,0.02436938143621958,T
2025-11-06,2963.4,1463828,-0.0021573526873269674,0.024117003264240326,T
2025-11-07,2968.4,1320360,0.0016858293213442746,0.02364001634961719,T
2025-11-10,2962.6,2071359,-0.0019558259480268064,0.023649671515624922,T
2025-11-11,2979.0,1253618,0.0055204125653305,0.023665277596415457,T
2025-11-12,2949.2,1323181,-0.010053726597786876,0.023761926569890335,T
2025-11-13,2951.6,1119194,0.0008134490687160741,0.01580621160956947,T
2025-11-14,2924.0,1438649,-0.009394854314542461,0.01584769281566983,T
2025-11-17,2907.0,1420011,-0.00583092031079321,0.01549771220813443,T
2025-11-18,2971.6,3186510,0.021978906718775167,0.014092025571389654,T
2025-11-19,3056.0,3999978,0.028006343008759926,0.014673577720901738,T
2025-11-20,3107.0,3875294,0.01655075910663634,0.01501615145963351,T
2025-11-21,3094.8,2368746,-0.003934346717747967,0.01441330491976587,T
2025-11-24,3075.2,1762908,-0.006353343899326177,0.012979086343556795,T
2025-11-25,3099.8,1952086,0.007967653486977097,0.01157193469765675,T
2025-11-26,3095.8,929391,-0.0012912391231733025,0.01161198879353842,T
2025-11-27,3049.4,1595452,-0.015101504201970513,0.01171581058103512,T
2025-11-28,3116.6,1622483,0.021797814073707476,0.0120710380459203,T
2025-12-01,3126.4,1489848,0.0031395188369495223,0.012064496484734217,T
2025-12-02,3129.2,1413225,0.0008951979624619775,0.011676763104758,T
2025-12-03,3104.6,1666929,-0.007892498218582535,0.01171093352959669,T
2025-12-04,3119.0,1019986,0.004627555015460252,0.011675690613641865,T
2025-12-05,3190.0,2232104,0.02250847917108704,0.012493500344903864,T
2025-12-08,3184.8,2278692,-0.0016314240927828053,0.012486116228889108,T
2025-12-09,3230.4,1955305,0.014216475872465625,0.012705405306895286,T
2025-12-10,3235.0,1131248,0.0014229593764278846,0.012287132084255721,T
2025-12-11,3268.6,2755660,0.010332830723956665,0.012316065545562237,T
2025-12-12,3181.0,2071570,-0.027166145909813443,0.013949649861531419,T
2025-12-15,3239.2,2131937,0.018130772968807236,0.014070159522768508,T
2025-12-16,3268.4,1600019,0.008974182792601065,0.013555234323020884,T
2025-12-17,3245.6,2193362,-0.007000335618314968,0.012623668178798134,T
2025-12-18,3235.4,1621399,-0.0031476649966437494,0.012275206454065156,T
2025-12-19,3191.4,3536031,-0.013692875919266769,0.012710759225238856,T
2025-12-19,3219.0,141540,0.008611060322481127,0.012662206736318684,T
2025-12-22,3147.8,1814003,-0.02236695618130755,0.013718442330853692,T
2025-12-23,3176.4,1601439,0.009044683903555242,0.01383099607084665,T
2025-12-24,3157.0,1334739,-0.006126270463064299,0.013410546428636498,T
2025-12-25,3167.0,1278807,0.003162557980648117,0.012563790784379152,T
2025-12-26,3247.4,2286326,0.025069908614374276,0.013685458321451278,T
2025-12-29,3274.6,4084576,0.008341048052377866,0.013757810297903371,T
2025-12-30,3280.0,1428540,0.0016476981727975549,0.013550708200316548,T
2026-01-05,3267.0,863953,-0.003971289777119202,0.013624146574375572,T
2026-01-06,3302.0,1048284,0.010656212879003178,0.012940300574609973,T
2026-01-08,3236.2,863094,-0.020128543514365688,0.013823691622336962,T
2026-01-09,3240.2,623103,0.0012352543106100976,0.013460605190587848,T
2026-01-12,3238.8,1542191,-0.000432165464358433,0.013457773653798554,T
2026-01-13,3199.0,1257411,-0.012364629862441353,0.013502717670402231,T
2026-01-14,3204.4,1361352,0.0016866043914437225,0.012029495781816118,T
2026-01-15,3216.8,1304613,0.003862211242102446,0.01132286124890318,T
2026-01-16,3264.0,1653699,0.014566360500933252,0.011630034652240405,T
2026-01-19,3289.8,1693032,0.00787333555406029,0.011638917254966038,T
2026-01-20,3294.0,1419665,0.0012758590995278472,0.011604403992223481,T
2026-01-21,3339.0,2090422,0.013568729206068796,0.011399683048832912,T
2026-01-22,3327.6,1838443,-0.0034200375339218736,0.011364316801882317,T
2026-01-23,3334.6,1202675,0.0021014087166259456,0.009859056602380253,T
2026-01-26,3313.6,1570570,-0.006317520485038769,0.009951686739984617,T
2026-01-27,3340.2,1148425,0.007995473776197349,0.009836543834842148,T
2026-01-28,3330.0,1080834,-0.0030583814430274942,0.009923132433374499,T
2026-01-29,3377.0,2794980,0.014015437411078191,0.008850228535129786,T
2026-01-30,3331.8,1394218,-0.013475042909951112,0.009352128989251637,T
2026-02-02,3328.8,1347815,-0.0009008198068850114,0.009358275532466749,T
2026-02-03,3355.6,1823511,0.008018713303407867,0.009424498663485539,T
2026-02-04,3340.0,1223866,-0.004659785001393422,0.009248087456865235,T
2026-02-05,3310.6,1733597,-0.008841365144680957,0.008203790696468498,T
2026-02-06,3284.6,976900,-0.007884562922604605,0.00844783496436682,T
2026-02-09,3296.8,1184247,0.00370742212114718,0.008469822260505237,T
2026-02-10,3293.8,1064516,-0.0009103875844995927,0.007894281872911394,T
2026-02-11,3334.4,1519020,0.01225083967888511,0.00825539982447958,T
2026-02-12,3338.0,1196689,0.0010790721027873667,0.008245602602298414,T
2026-02-13,3377.0,1635751,0.01161591616378729,0.008029671361943252,T
2026-02-16,3491.8,3005098,0.03342962116510639,0.010664628582100719,T
2026-02-17,3487.6,2128161,-0.0012035419970140417,0.010699827779954848,T
2026-02-18,3528.8,2291324,0.011744049237070087,0.01061108344952443,T
2026-02-19,3512.8,1068851,-0.0045444295432222346,0.010648486644712967,T
2026-02-20,3508.8,1031564,-0.001139341583883959,0.010682806490600601,T
2026-02-24,3505.4,1334211,-0.0009694620245481195,0.010514877671178528,T
2026-02-25,3504.0,682195,-0.00039946358279356554,0.010464567906060398,T
2026-02-26,3480.0,1064576,-0.006872879287762064,0.010603012019195154,T
2026-02-27,3463.6,1310911,-0.004723783194873895,0.010328657432935576,T
2026-03-02,3424.8,2078603,-0.011265434742909735,0.010173330317528996,T
2026-03-03,3383.2,1474583,-0.012221068672457683,0.010612150580689574,T
2026-03-04,3378.0,1349414,-0.0015381887905334432,0.010484897567251234,T
2026-03-05,3414.6,1202273,0.010776537469387792,0.010664660009155441,T
2026-03-06,3376.8,1112077,-0.011131840368844181,0.010788663309438517,T
2026-03-09,3432.0,1261687,0.01621466613956391,0.011086991064589042,T
2026-03-10,3389.0,1900896,-0.012608289000801569,0.011560010700001329,T
2026-03-11,3374.6,890871,-0.004258093842814313,0.011618993394450657,T
2026-03-12,3375.2,991174,0.00017778304589178583,0.011325190031999674,T
2026-03-13,3376.6,888418,0.00041470423296431007,0.011324710203202276,T
2026-03-16,3382.0,924624,0.0015979644154322935,0.01102832782430068,T
2026-03-17,3356.8,1182209,-0.007479111256547513,0.007852690038621744,T
2026-03-18,3343.0,1209960,-0.004119531781879531,0.007864742889703801,T
2026-03-19,3329.2,1956662,-0.004136572548158609,0.007161892703498454,T
2026-03-20,3328.0,369228,-0.00036051193084083745,0.007172775705485675,T
2026-03-20,3337.8,1476080,0.0029403843682033214,0.00727681498123811,T
2026-03-23,3311.8,1621390,-0.007820059100918634,0.007361809483872403,T
2026-03-24,3336.8,939288,0.007520415674351718,0.007705037441460279,T
2026-03-25,3330.0,599697,-0.0020399599082460773,0.007634310011130923,T
2026-03-26,3304.0,850926,-0.007838448333620783,0.007719728566992852,T
2026-03-27,3240.6,1203321,-0.019375357813968295,0.008395605427633363,T
2026-03-30,3221.0,1375810,-0.006066627495701554,0.00813962943721718,T
2026-03-31,3229.6,1415879,0.0026664202075322046,0.008218512212628822,T
2026-04-01,3249.8,860339,0.006235165429944933,0.0078961845826726,T
2026-04-02,3241.0,924840,-0.00271153182712856,0.007630227282652535,T
2026-04-03,3211.6,899268,-0.009112668831018503,0.006449310705278425,T
2026-04-06,3217.2,1089360,0.0017421607193850734,0.006152866401686828,T
2026-04-07,3186.8,1441914,-0.009494137523702841,0.006335756055401293,T
2026-04-08,3197.6,816187,0.003383249890902811,0.006456125865288624,T
2026-04-09,3185.0,754375,-0.003948239390850026,0.006418849850434167,T
2026-04-10,3196.0,928345,0.003447738879901521,0.0065001991524934405,T
2026-04-17,326.26,18882825,-2.281960697378009,0.5097244896469998,T
2026-04-20,325.7,9920928,-0.001717897225968813,0.509752652947093,T
2026-04-21,323.3,5643058,-0.007396027550800315,0.5097153810172692,T
2026-04-22,327.02,8059183,0.011440646375052849,0.5098638279636035,T
2026-04-23,327.3,5863876,0.0008558504006946011,0.5098384457090639,T
2026-04-24,320.16,12419468,-0.02205631067171152,0.5096892159160098,T
2026-04-27,317.64,6003201,-0.00790220480841315,0.5095028254342634,T
2026-04-28,310.72,13101428,-0.022026480924050004,0.5092838086371094,T
2026-04-29,306.5,23070500,-0.013674429726694125,0.5092186793280605,T
2026-04-30,305.36,8519704,-0.0037263469392917526,0.5093916217192067,T
2024-01-03,204.92,3,,,MOEX
2024-01-04,194.0,1,-0.007190580545354254,,MOEX
2024-01-05,189.58,1,-0.022221977483374723,,MOEX
2024-01-08,193.69,1683590,0.0031543320618557177,,MOEX
2024-01-09,194.43,2513010,0.003813258253586573,,MOEX
2024-01-10,193.18,3504410,-0.006449804356584469,,MOEX
2024-01-11,192.95,1,-0.0011913087675221902,,MOEX
2024-01-12,193.8,1,0.0046547795449825196,,MOEX
2024-01-15,189.99,10,-0.014681942979996676,,MOEX
2024-01-16,192.05,3972750,-0.012419305809842341,,MOEX
2024-01-17,191.13,10,-0.006310814487829282,,MOEX
2024-01-18,192.95,6,0.00025916807194423475,,MOEX
2024-01-19,193.42,4,-0.0016014468100374497,0.010376759760454895,MOEX
2024-01-22,199.21,10940750,0.03213578579389457,0.01256773170241835,MOEX
2024-01-23,198.09,1,0.00953595864257953,0.011466776233036954,MOEX
2024-01-24,198.83,3445540,0.004031653901200833,0.011465921836652156,MOEX
2024-01-25,198.82,5,-5.029548599082026e-05,0.011332101497616789,MOEX
2024-01-26,198.06,21,0.0027301700562324597,0.011460412125040596,MOEX
2024-01-29,211.74,34,0.0660320322053296,0.018358501453283417,MOEX
2024-01-30,203.48,7519610,-0.007003138394176908,0.019344271691635537,MOEX
2024-01-31,204.49,22,0.026109332814703696,0.02051710056528986,MOEX
2024-02-01,203.52,6,0.0034453939679070767,0.02051493590183208,MOEX
2024-02-02,202.88,20,-0.010395307889547085,0.020746246595587218,MOEX
2024-02-05,200.5,3786690,-0.00794837766295138,0.020873344913857294,MOEX
2024-02-06,198.43,6,-0.01599794155282327,0.019696280435309802,MOEX
2024-02-07,203.95,3,0.01481874486835738,0.02002852910979997,MOEX
2024-02-08,197.11,23,-0.028211744456684115,0.021120980164625287,MOEX
2024-02-09,198.99,3897160,0.00412932402645295,0.021118440376044774,MOEX
2024-02-12,199.01,3279470,-0.004061886586650818,0.014428911395227059,MOEX
2024-02-13,203.59,10,-0.03948705014292426,0.021097313285075397,MOEX
2024-02-14,199.89,13,-0.0012499064197545897,0.019993784548595663,MOEX
2024-02-15,198.3,1,-0.0008065329603451564,0.019947941313589145,MOEX
2024-02-16,195.21,13,-0.014696051529502832,0.01996893785369774,MOEX
2024-02-19,198.26,3,0.011617714313788519,0.02015259757455698,MOEX
2024-02-20,189.22,69,-0.03826084843676795,0.021590520122997565,MOEX
2024-02-21,190.37,31,0.006164890299919613,0.021015738447043082,MOEX
2024-02-22,186.67,41,-0.01773435030993511,0.020478808285738753,MOEX
2024-02-26,196.18,8,0.02728287440446764,0.022132187978378574,MOEX
2024-02-27,199.36,9553610,0.009373651257911874,0.022261379201952904,MOEX
2024-02-28,199.54,2,0.006939932304256984,0.014595112844690549,MOEX
2024-02-29,198.93,14,-0.0027108450335872423,0.014105174934953245,MOEX
2024-03-01,200.07,11,0.0024020428904188086,0.014033637828850046,MOEX
2024-03-04,199.28,12,-0.00015053062072126877,0.01361518193294066,MOEX
2024-03-05,206.99,29743520,0.029514839731413393,0.014943592386688102,MOEX
2024-03-06,207.15,20,0.0035302403856236494,0.011265735880151827,MOEX
2024-03-07,206.48,22,0.004271021829348368,0.011534649821225392,MOEX
2024-03-11,210.29,9,0.006153278495801464,0.010298213710597283,MOEX
2024-03-12,208.6,2908100,-0.0009104195746120975,0.008404278443669146,MOEX
2024-03-13,208.0,3880600,-0.00288046286535403,0.008459143965553443,MOEX
2024-03-14,206.86,10,-0.00813658469329662,0.008430196003239096,MOEX
2024-03-15,208.54,3,0.005240522582570266,0.008369836910536298,MOEX
2024-03-18,210.64,25,-0.0005220816939109802,0.008515604412512624,MOEX
2024-03-19,208.23,13,-0.004886471349982759,0.008809657898515991,MOEX
2024-03-20,213.25,8127250,0.022957892998889288,0.009870283265347229,MOEX
2024-03-21,212.37,15,-0.0008001694903414935,0.007676225529863336,MOEX
2024-03-22,213.17,18,0.0015022771709417382,0.007373689126113232,MOEX
2024-03-25,213.97,6617120,0.008400847247734072,0.007136764967140963,MOEX
2024-03-26,215.33,5439470,0.0045148904918672055,0.006897734835307509,MOEX
2024-03-27,218.73,14,0.027485335018959254,0.009516468878283956,MOEX
2024-03-28,218.07,22,-0.008765978609164192,0.009583872904150628,MOEX
2024-03-29,221.64,8,0.014085379856549608,0.009753046448225177,MOEX
2024-04-01,224.03,15,0.005864594312783226,0.0095013641572342,MOEX
2024-04-02,229.78,6263970,0.021021927220798577,0.010020179635702212,MOEX
2024-04-03,220.73,13,-0.02416981998178233,0.011731686796969945,MOEX
2024-04-04,232.95,4,0.016359752041427818,0.01441730036243073,MOEX
2024-04-05,230.79,9,0.017880648625469606,0.016300042319271943,MOEX
2024-04-08,230.4,8369710,-0.0013445817557809988,0.01630980994958325,MOEX
2024-04-09,231.75,4,0.0008633715192034282,0.016318640395900367,MOEX
2024-04-10,230.8,6,0.001300672197241353,0.0150808980165367,MOEX
2024-04-11,226.98,5,-0.00851068966790862,0.015243291144982136,MOEX
2024-04-12,229.63,3,0.011783652567935487,0.015162498054741453,MOEX
2024-04-15,229.4,29,-0.004045858519543795,0.015166433211471635,MOEX
2024-04-16,228.48,2,-0.007108776311263132,0.014502875887025318,MOEX
2024-04-17,228.76,2350060,-0.0008738967610254556,0.012770640898422671,MOEX
2024-04-18,228.26,9,-0.0021880889216615075,0.009620416723838003,MOEX
2024-04-19,227.94,2728920,-0.002278703878211877,0.006309892158785341,MOEX
2024-04-22,227.47,3056350,-0.007358449391362653,0.0051824896478682115,MOEX
2024-04-23,226.48,2,-0.00909836397410928,0.005498414372487329,MOEX
2024-04-24,225.88,16,0.003103802429651503,0.005578175605579879,MOEX
2024-04-25,226.2,2,0.006075002609108844,0.0055941052955118305,MOEX
2024-04-26,227.87,9,0.002460566292622655,0.005421438210404439,MOEX
2024-04-27,232.09,5708630,0.009045918551807844,0.005509137831504944,MOEX
2024-04-29,235.56,22,0.01307543304895898,0.006071178645876631,MOEX
2024-04-30,236.2,2694440,0.005135943716005006,0.005878470124266482,MOEX
2024-05-02,237.39,8,0.005025454525949707,0.005898070924830186,MOEX
2024-05-03,235.28,1,0.0008929521163127258,0.006398825864073486,MOEX
2024-05-06,229.36,8770790,-0.025185910552337893,0.008652261119714736,MOEX
2024-05-07,230.95,6,0.0034265176333218204,0.008473608132225249,MOEX
2024-05-08,231.0,7,-0.0074612728347799705,0.00838494130510354,MOEX
2024-05-10,234.57,6,0.015726026590196677,0.008869176903696435,MOEX
2024-05-13,231.5,13,-0.007230813978856589,0.00916104774125364,MOEX
2024-05-14,232.22,2,0.0021554519704367167,0.008942998849449596,MOEX
2024-05-15,232.0,9,-0.002367884003796104,0.008725729755740546,MOEX
2024-05-16,237.0,16,0.018310070826885096,0.009207354290154882,MOEX
2024-05-17,237.66,27,0.004512395637683016,0.009136454287932683,MOEX
2024-05-20,236.51,6707360,-0.0060700772309479675,0.00896134864304598,MOEX
2024-05-21,237.04,8,0.0010974632818196164,0.0066531246988819365,MOEX
2024-05-22,237.08,14,-0.004125105820096236,0.0067766352581150185,MOEX
2024-05-23,235.24,62,-0.0096876616952467,0.00677896376897854,MOEX
2024-05-24,237.0,3652190,0.0,0.006037006439451757,MOEX
2024-05-27,235.25,3,-0.006017987309618855,0.005782975039739969,MOEX
2024-05-28,237.62,5,0.002908020171755714,0.005962371198339606,MOEX
2024-05-29,245.94,67,0.025741181989402166,0.008149423265667732,MOEX
2024-05-30,244.14,5924060,-0.0059623650313338035,0.007543434931332853,MOEX
2024-05-31,239.66,8087730,-0.027937880897016237,0.010176222760525346,MOEX
2024-06-03,236.67,11,-0.00833127767679774,0.010310842210924216,MOEX
2024-06-04,257.49,23,0.07171790723617819,0.01916301370529119,MOEX
2024-06-05,245.01,19,-0.018320196944581316,0.021212211114864144,MOEX
2024-06-06,248.84,10,-0.0006026153688581664,0.02128497070499492,MOEX
2024-06-07,258.89,7,0.038187603362593615,0.022688249060612592,MOEX
2024-06-10,250.77,1,0.009616614560350225,0.02485933036941732,MOEX
2024-06-11,250.94,12,0.014166987218179994,0.025257260166372777,MOEX
2024-06-13,253.68,42,0.006882666305935022,0.02465203320642701,MOEX
2024-06-14,240.1,27546490,-0.03824307847035563,0.02644486696676031,MOEX
2024-06-17,235.5,10277430,-0.02561394247609172,0.02626990266649025,MOEX
2024-06-18,227.4,15,-0.04770065685414992,0.02846693273948306,MOEX
2024-06-19,230.03,10,-0.00030426184139273674,0.022569433917697432,MOEX
2024-06-20,225.66,37,-0.018223438858514584,0.021751570845919728,MOEX
2024-06-21,233.52,4006200,0.009941338087847758,0.02242552041549383,MOEX
2024-06-24,222.99,9,-0.0372801450146199,0.02243987992892817,MOEX
2024-06-25,227.0,5,0.030459207484708654,0.023609475552036924,MOEX
2024-06-26,227.77,2,0.006960993831881594,0.023280331668785355,MOEX
2024-06-27,228.3,2890540,8.760786724250253e-05,0.023043993831927744,MOEX
2024-06-28,229.1,2801990,0.004812960505009027,0.02159927578138008,MOEX
2024-07-01,231.33,13,0.017838534824052767,0.021183357544673185,MOEX
2024-07-02,238.53,11,0.026896019317710733,0.018960837381001665,MOEX
2024-07-03,239.59,1,0.005398745038572275,0.01897048836720097,MOEX
2024-07-04,236.35,3,0.007218714998818738,0.018444962359745465,MOEX
2024-07-05,235.7,4166270,-0.00038176844087091377,0.016068762212041492,MOEX
2024-07-08,238.24,3,0.013693054791540031,0.012140164960382902,MOEX
2024-07-09,227.91,8,-0.018734384015620137,0.012432667392892881,MOEX
2024-07-10,227.4,12,-0.0035556763608838864,0.012334506340330618,MOEX
2024-07-11,229.75,6741270,0.035035359928273724,0.015768096806703068,MOEX
2024-07-12,227.04,13,-0.013865722419072666,0.01604814306528837,MOEX
2024-07-15,225.45,4398700,-0.010720769745101659,0.015573519815307506,MOEX
2024-07-16,225.71,2,0.0011525845765721653,0.015540029140152367,MOEX
2024-07-17,227.23,3,0.004587366343816435,0.014173055427341692,MOEX
2024-07-18,230.81,23,0.013741573354588279,0.013851382781930183,MOEX
2024-07-19,232.97,3922140,0.018411141897153725,0.01453798248110261,MOEX
2024-07-22,233.12,1,0.0006436525356845597,0.014540606481078432,MOEX
2024-07-23,228.69,6,-0.030489378877901183,0.01589529799269211,MOEX
2024-07-24,234.28,3,0.010426370384111818,0.014756407564596003,MOEX
2024-07-25,232.16,3377040,-0.000688942500553531,0.014886409813133909,MOEX
2024-07-26,237.41,33,0.025208730761287827,0.012526843440021617,MOEX
2024-07-29,233.51,26,-0.0247437920417286,0.01353111292345438,MOEX
2024-07-30,233.64,2,-0.005548693223631342,0.013365374373522644,MOEX
2024-07-31,231.71,3344390,-0.006066752682237315,0.013503521063064936,MOEX
2024-08-01,231.83,11,0.00358663392500858,0.013523497814917816,MOEX
2024-08-02,229.62,6,8.71042202545573e-05,0.013203619845970606,MOEX
2024-08-05,224.15,28,-0.026850204533967692,0.01381308061202299,MOEX
2024-08-06,225.76,3171660,0.011717926858092058,0.01212789677913238,MOEX
2024-08-07,226.63,3532020,0.004244976527020202,0.0113994040591731,MOEX
2024-08-08,228.84,4,0.0024939305437869544,0.011472779457211292,MOEX
2024-08-09,231.15,5,0.01684011526416661,0.010666558803988794,MOEX
2024-08-12,226.58,11,8.827293998769917e-05,0.009934466636566995,MOEX
2024-08-13,224.72,4,-0.016374634871790066,0.010540620599822345,MOEX
2024-08-14,224.26,4,-0.009718076969488265,0.01086964717173312,MOEX
2024-08-15,224.62,11,0.00481971657742464,0.010905370075381813,MOEX
2024-08-16,225.38,1,0.00707975439713983,0.010912452316261997,MOEX
2024-08-19,214.94,21,-0.028527502056724992,0.01177540720881364,MOEX
2024-08-20,210.89,6930060,-0.016833197923197186,0.011743921168221556,MOEX
2024-08-21,211.82,10,-0.004756867559189336,0.011948427820930294,MOEX
2024-08-22,210.64,12,0.0030906046520270554,0.01175212786674111,MOEX
2024-08-23,204.75,14,-0.02507968439702343,0.011566967950756216,MOEX
2024-08-26,213.52,6,0.035902881174290996,0.014553824430788672,MOEX
2024-08-27,209.82,9,-0.022758774367230138,0.014826936263865078,MOEX
2024-08-28,209.7,4503640,-0.0014295928095944335,0.014575522688014524,MOEX
2024-08-29,206.97,23,-0.013104082681747148,0.014737313480282824,MOEX
2024-08-30,204.2,9,-0.01689852778516011,0.014980526766583468,MOEX
2024-09-02,192.1,11579710,-0.05025162762669384,0.01766123186002266,MOEX
2024-09-03,193.25,8648710,-0.001757833148326784,0.017198739259578415,MOEX
2024-09-04,202.82,12,0.05654374290148874,0.021696720745330206,MOEX
2024-09-05,197.37,4832440,-0.01513542406510069,0.021939901841869447,MOEX
2024-09-06,197.57,1,0.001012812159297441,0.021913954390823196,MOEX
2024-09-09,213.64,10,0.07154044739641437,0.026912795329041634,MOEX
2024-09-10,206.25,5233440,-0.01515727322164614,0.026255935455166066,MOEX
2024-09-11,204.34,6,0.0013222009222831725,0.025845622851036313,MOEX
2024-09-12,202.04,6,-0.013958744291418041,0.02601289405506521,MOEX
2024-09-13,204.02,1,-0.002643302728558334,0.02604385667843051,MOEX
2024-09-16,215.27,9,0.030995240123200495,0.026923815909180627,MOEX
2024-09-17,215.55,4232880,0.0017180140273805866,0.023859542723342297,MOEX
2024-09-18,209.82,9,-0.026942880889804236,0.024897692366772736,MOEX
2024-09-19,211.62,15,0.007351404968426674,0.021541949706394573,MOEX
2024-09-20,214.29,13,0.013105239348658012,0.020983074819175145,MOEX
2024-09-23,218.34,5711250,0.019423474121999507,0.014945782213301423,MOEX
2024-09-24,216.04,19,0.0008798537232038241,0.013881152068101704,MOEX
2024-09-25,216.75,6,0.0015698590351200523,0.013544263732328459,MOEX
2024-09-26,214.44,16,-0.010207010764573093,0.013346670278093576,MOEX
2024-09-27,217.91,14,0.021804538001916642,0.013941454130066264,MOEX
2024-09-30,217.26,4761560,-0.005508138409792297,0.011395302715198096,MOEX
2024-10-01,215.03,16,-0.022849993075064225,0.012870229037602912,MOEX
2024-10-02,215.44,5,0.0013469892187347068,0.011216615076703178,MOEX
2024-10-03,213.38,2,0.0035680789028559893,0.011585719104690981,MOEX
2024-10-04,212.12,4895010,0.0034473836413345888,0.010995815517534325,MOEX
2024-10-07,209.15,9,-0.01964792758909746,0.010460639468147421,MOEX
2024-10-08,214.07,8,0.017150008088598907,0.011159976284328604,MOEX
2024-10-09,212.62,2,0.0016945965267828316,0.01128955079109792,MOEX
2024-10-10,211.27,1792730,-0.005051827273283636,0.011125733477896667,MOEX
2024-10-11,206.18,6570320,-0.033528021838674815,0.012373602198803362,MOEX
2024-10-14,208.51,7,0.011528478259405775,0.012719448825754475,MOEX
2024-10-15,209.76,27,0.003390562212815505,0.011393912781488167,MOEX
2024-10-16,210.13,7,0.000571238174242491,0.01139221456962685,MOEX
2024-10-17,208.0,3,-0.009188426054406142,0.011153224866367717,MOEX
2024-10-18,205.3,3559190,-0.0053921580212782936,0.011076248321305259,MOEX
2024-10-21,206.46,83,0.010468240785723589,0.010493449232783421,MOEX
2024-10-22,210.07,167,0.02584646505505907,0.011452135905283363,MOEX
2024-10-23,202.32,323,-0.005667971506101871,0.013303273557102866,MOEX
2024-10-24,201.95,6137120,0.00800421882580373,0.013606509545435255,MOEX
2024-10-25,204.95,296,0.006019544933942731,0.011521822421302454,MOEX
2024-10-28,195.4,457,-0.023818475744789788,0.013216258127284221,MOEX
2024-10-29,195.82,305,0.004709263412410034,0.013186260972995169,MOEX
2024-10-30,191.61,287,-0.016921928279924628,0.013420821365857174,MOEX
2024-10-31,187.66,6214510,-0.021821347587434294,0.013973899374203822,MOEX
2024-11-01,189.25,352,-0.0027439202483294013,0.0144237939056975,MOEX
2024-11-02,190.03,217,0.015111233704155838,0.014791053267514849,MOEX
2024-11-05,191.68,268,0.012388609889037385,0.013587714335620962,MOEX
2024-11-06,196.21,9245650,0.02565633047410767,0.013558647658345293,MOEX
2024-11-07,203.54,307,0.029162398555939488,0.015013976964565077,MOEX
2024-11-08,212.26,443,0.04337518990575635,0.01776408372097033,MOEX
2024-11-11,217.86,485,0.03436700153186331,0.0171328105482407,MOEX
2024-11-12,212.05,330,-0.02224542031254592,0.018268527924761194,MOEX
2024-11-13,211.63,270,0.0035027963486893147,0.017617455489448965,MOEX
2024-11-14,208.1,247,0.006508399495787948,0.01771993371808673,MOEX
2024-11-15,210.62,242,0.017336768687082,0.017953403792071203,MOEX
2024-11-18,206.53,316,-0.012749445026563605,0.018078977607419732,MOEX
2024-11-19,199.08,6797690,-0.031009086412214018,0.019617317720882953,MOEX
2024-11-20,197.45,13532500,-0.020303993654079342,0.019569599751706513,MOEX
2024-11-21,203.87,202,0.024227963603473145,0.019219929220754103,MOEX
2024-11-22,199.23,245,0.0037715968371863293,0.017270112947172536,MOEX
2024-11-25,190.32,377,-0.044648208723519454,0.017318379745788186,MOEX
2024-11-26,190.6,350,0.0016803196560209077,0.017057597375722832,MOEX
2024-11-27,187.45,14305470,-0.00500213899536195,0.016982335378498976,MOEX
2024-11-28,183.64,457,-0.028663869973458614,0.017373503601482817,MOEX
2024-11-29,184.41,335,0.002878168649000477,0.01672533114123446,MOEX
2024-12-02,191.26,350,0.0339267929552713,0.018988815774887684,MOEX
2024-12-03,183.72,10782770,-0.04283173066853615,0.020092620458273657,MOEX
2024-12-04,182.97,477,-0.03311240432388831,0.021864799560082464,MOEX
2024-12-05,182.99,649,0.017030365583108338,0.02142135103365536,MOEX
2024-12-06,180.11,399,-0.005923236892175628,0.020768327884777765,MOEX
2024-12-09,185.0,317,0.03744931004161593,0.020755909472472283,MOEX
2024-12-10,179.88,315,-0.02204779085025512,0.021247224054596617,MOEX
2024-12-11,181.1,479,0.01121673151660275,0.021361857290468262,MOEX
2024-12-12,179.99,567,-0.0017208364178838216,0.020318962697098385,MOEX
2024-12-13,176.04,316,0.0018763331730900408,0.02093767364797099,MOEX
2024-12-16,171.64,6261330,-0.025141551482554265,0.019636303289699536,MOEX
2024-12-17,174.49,358,0.00471048665111577,0.017915078635594366,MOEX
2024-12-18,177.73,319,0.032771067958447204,0.017061058109504534,MOEX
2024-12-19,183.06,273,0.04234587983358922,0.019130183108974064,MOEX
2024-12-20,188.5,22125860,0.05059550634723533,0.022629576790099023,MOEX
2024-12-23,194.42,542,0.01779969673785975,0.03049253666131945,MOEX
2024-12-24,186.48,640,-0.016961725268729366,0.030892601117555072,MOEX
2024-12-25,196.81,679,0.05600836868221021,0.033108077956208806,MOEX
2024-12-26,194.08,8588570,-0.012951625923659482,0.0326889974933761,MOEX
2024-12-27,192.4,458,-0.012653493553112079,0.032905833271163205,MOEX
2024-12-28,193.86,572,0.0072998693347068955,0.03215725660109606,MOEX
2024-12-30,199.65,628,0.03589841441309935,0.032640888242721454,MOEX
2025-01-03,194.06,575,-0.0262423521198662,0.032688974568509915,MOEX
2025-01-06,195.47,480,0.0032795315071345345,0.030959477256576398,MOEX
2025-01-08,198.12,499,0.015873349156290163,0.02507706561053378,MOEX
2025-01-09,192.0,584,-0.029255358148789646,0.019999143076013196,MOEX
2025-01-10,195.01,641,0.017014865008718752,0.019055709568626174,MOEX
2025-01-13,201.02,533,0.01822293844169771,0.015069687051332893,MOEX
2025-01-14,206.38,9042680,0.028705401591789016,0.01590986630891911,MOEX
2025-01-15,208.9,535,0.006772522824160363,0.01548939851167617,MOEX
2025-01-16,206.67,379,-0.002030163110279838,0.015759337058535865,MOEX
2025-01-17,208.11,488,0.006895082646335855,0.013677451231089448,MOEX
2025-01-20,205.13,8108870,-0.011005371301381508,0.012409891192892548,MOEX
2025-01-21,206.98,452,0.009563411803543259,0.012527170470041777,MOEX
2025-01-22,207.14,403,0.0032882041232887476,0.01215171693719394,MOEX
2025-01-23,205.0,392,-0.007193576271950234,0.009978068045061076,MOEX
2025-01-24,211.25,10917830,0.023516972565053418,0.010488624448166568,MOEX
2025-01-27,206.73,5371670,-0.023331363809453883,0.011329847351415633,MOEX
2025-01-28,209.4,486,0.006708218735118483,0.009515669302379024,MOEX
2025-01-29,206.33,774,-0.009358486053786304,0.009639615907540512,MOEX
2025-01-30,207.49,655,0.011439221244314323,0.009887334815719608,MOEX
2025-01-31,205.0,563,0.0007319751455280935,0.010166611975776445,MOEX
2025-02-03,204.27,5908650,-0.0036161102734987008,0.009879734743826769,MOEX
2025-02-04,203.85,498,-0.004649463900090422,0.009680087844263335,MOEX
2025-02-05,205.25,441,0.02551146176317386,0.0120742078424186,MOEX
2025-02-06,204.86,388,-0.002583791809168638,0.011963386514306711,MOEX
2025-02-07,203.99,3731590,-0.0006370831608976723,0.010453424233856822,MOEX
2025-02-10,207.64,734,0.01299097281060401,0.009680176188697705,MOEX
2025-02-11,214.96,585,0.04209047641082246,0.01355603336104765,MOEX
2025-02-12,229.72,1036,0.07149282219844896,0.020480450796052267,MOEX
2025-02-13,238.74,1153,0.05214461542005882,0.02328539759616835,MOEX
2025-02-14,229.95,25739750,-0.020446208871045,0.024248006633494388,MOEX
2025-02-17,238.87,872,0.0351481365488983,0.024960417839813728,MOEX
2025-02-18,238.62,761,0.004536298101560098,0.02496837509490731,MOEX
2025-02-19,240.84,466,0.011946176069239665,0.02401453391047342,MOEX
2025-02-20,238.79,7493000,-0.004179035711317634,0.024160366067621255,MOEX
2025-02-21,235.67,630,-0.01941400582814977,0.024736230395772503,MOEX
2025-02-24,236.03,780,0.008253258794008188,0.024887843225551095,MOEX
2025-02-25,232.31,819,-0.008529658880876579,0.02360692383509631,MOEX
2025-02-26,224.49,742,-0.03294931142528196,0.018936792609122285,MOEX
2025-02-27,217.3,596,-0.030367164592655847,0.015251120754712508,MOEX
2025-02-28,218.36,658,0.005326488853776613,0.014595536578304667,MOEX
2025-03-03,221.9,1745,0.012242274864687758,0.01220552895507422,MOEX
2025-03-04,224.17,641,0.0038885337396923746,0.01237541565144187,MOEX
2025-03-05,219.7,19348010,-0.021434538197545355,0.012553382984338784,MOEX
2025-03-06,216.27,16049910,-0.021046666060780463,0.013298532670326487,MOEX
2025-03-07,212.57,796,-0.0247648960655401,0.013711756614207201,MOEX
2025-03-10,211.91,743,-0.0014146941904838357,0.01340628181719547,MOEX
2025-03-11,212.61,659,0.013018859760509465,0.014030702624835623,MOEX
2025-03-12,212.9,379,0.004896892731083772,0.01244273519346936,MOEX
2025-03-13,210.0,497,-0.0075901692666755964,0.01074074462786153,MOEX
2025-03-14,213.29,512,0.02247392140997666,0.012024533488219098,MOEX
2025-03-17,217.0,1243,0.021049487252390642,0.01265494708216363,MOEX
2025-03-18,214.5,563,-0.011541531161227478,0.012667926275610468,MOEX
2025-03-19,216.46,12920250,0.011429757845148894,0.012161645905052155,MOEX
2025-03-20,215.0,429,-0.01022659938793937,0.011389940751690926,MOEX
2025-03-21,214.48,366,-0.0035371906935151172,0.00975136933542993,MOEX
2025-03-24,210.44,470,-0.012514034815221814,0.010191388199438801,MOEX
2025-03-25,210.56,9095630,0.005046908774759962,0.00982865003705646,MOEX
2025-03-26,207.2,701,-0.023420497645797057,0.011135718523357128,MOEX
2025-03-27,206.53,749,-0.004830227234010382,0.010987234857894391,MOEX
2025-03-28,198.2,817,-0.020969315517422968,0.01120287474425383,MOEX
2025-03-31,199.55,9889770,0.004067393691525605,0.009884721554207498,MOEX
2025-04-01,193.69,11776580,-0.04181071513656718,0.013502200352746267,MOEX
2025-04-02,203.98,567,0.014866306634086253,0.016548754156729368,MOEX
2025-04-03,201.97,497,-0.0018302792574473089,0.016481319092094625,MOEX
2025-04-04,197.99,454,-0.012547845822481253,0.016551874131874023,MOEX
2025-04-07,193.99,1045,-0.004679995170500503,0.016603968614810154,MOEX
2025-04-08,191.01,14275970,-0.010105305286584142,0.01651174633998963,MOEX
2025-04-09,195.71,398,0.022477500954610877,0.01685609586994973,MOEX
2025-04-10,193.37,642,-0.009931385820132803,0.016892211786214056,MOEX
2025-04-11,193.55,908,0.014572206859090725,0.01648102707596002,MOEX
2025-04-14,193.18,8343710,-0.002791420783878544,0.01641730900561733,MOEX
2025-04-15,193.79,464,0.001497586068321558,0.013151696578863642,MOEX
2025-04-16,194.97,485,0.016340401840770492,0.010194033169699544,MOEX
2025-04-17,195.0,615,0.0027216490469557965,0.010157468107112546,MOEX
2025-04-18,192.58,543,-0.013769136907657426,0.010165187019413085,MOEX
2025-04-21,197.6,738,0.030782729072159898,0.01189518114480117,MOEX
2025-04-22,206.51,800,0.044863449646041956,0.015014593194741079,MOEX
2025-04-23,206.84,587,0.002177964706736677,0.014384248363350739,MOEX
2025-04-24,208.52,522,0.016976201463421516,0.014624869677792033,MOEX
2025-04-25,208.02,15954820,-0.007423583506864454,0.014086784731922564,MOEX
2025-04-28,205.84,1234,-0.014947961435873139,0.014623536549235885,MOEX
2025-04-29,202.27,704,-0.0069466962440922105,0.015091679145240192,MOEX
2025-04-30,199.95,761,0.0017519714154636996,0.014858080229493344,MOEX
2025-05-02,192.68,4877620,-0.033127949637157546,0.01672984991141596,MOEX
2025-05-05,194.98,1462,-0.009138544772628421,0.017245662107582455,MOEX
2025-05-06,199.98,841,0.029586305370026846,0.017124651198184876,MOEX
2025-05-07,200.39,722,0.012655218361703914,0.01412928304551762,MOEX
2025-05-08,198.93,3139690,-0.0018080462963734614,0.014125028062698686,MOEX
2025-05-12,204.0,9666760,0.016757269110219544,0.014192627082778913,MOEX
2025-05-13,202.99,742,-0.00034478512840011325,0.01407190027318567,MOEX
2025-05-14,202.43,696,0.0022749762531889305,0.013699771129226958,MOEX
2025-05-15,199.79,813,0.007384927184922433,0.01430510654872987,MOEX
2025-05-16,198.0,681,-0.004434597067865753,0.014052077879325109,MOEX
2025-05-19,197.48,6836460,0.005993212108246699,0.011973260695220379,MOEX
2025-05-20,196.89,734,-0.010659627570751415,0.01123211778275406,MOEX
2025-05-21,194.94,1046,-0.007970612400252017,0.009012088407454965,MOEX
2025-05-22,190.98,1067,-0.009795826560181983,0.00857909696167178,MOEX
2025-05-23,188.59,4976110,-0.00031809988604567457,0.008852115505716686,MOEX
2025-05-26,185.45,1495,-0.021498174119951245,0.00830241281898545,MOEX
2025-05-27,184.84,773,0.0,0.008318795736775018,MOEX
2025-05-28,189.5,877,0.02311470247275661,0.010368467077458947,MOEX
2025-05-29,185.3,797,-0.0152102332524912,0.009692471508244236,MOEX
2025-05-30,188.66,5328250,0.01883415758264192,0.010922192819828293,MOEX
2025-06-02,188.88,1615,-0.0006351222823849205,0.010705585803256833,MOEX
2025-06-03,191.91,772,0.02298103560225958,0.01180886248211855,MOEX
2025-06-04,193.49,912,0.007574221725815634,0.011854072787799362,MOEX
2025-06-05,191.78,4360300,0.005018306401835393,0.01187435072928127,MOEX
2025-06-06,190.99,829,-0.010469118249822353,0.011856406643320765,MOEX
2025-06-09,189.06,1393,-0.0016383482775755205,0.010885123274130718,MOEX
2025-06-10,187.49,1007,-0.0077039936861288795,0.011022905131716096,MOEX
2025-06-11,188.0,1045,0.006135806898456333,0.009807159324099902,MOEX
2025-06-13,190.0,766,0.0053828828060062854,0.00909595873179108,MOEX
2025-06-16,186.9,1571,-0.012125228323507353,0.008612190224875145,MOEX
2025-06-17,190.32,659,0.01834719262989245,0.009580008535727347,MOEX
2025-06-18,191.98,1087,0.02110882430688683,0.009647798840623806,MOEX
2025-06-19,191.6,7699410,0.006177706679214899,0.009762128344796013,MOEX
2025-06-20,190.7,3478200,0.003624810251932818,0.009398281423054803,MOEX
2025-06-23,190.1,837,-0.0036755095198027663,0.00880292294162492,MOEX
2025-06-24,196.5,640,0.030223145005743246,0.011037768505764548,MOEX
2025-06-25,199.89,769,0.02118434084052499,0.011604448593158413,MOEX
2025-06-26,197.18,6301470,-0.007880420656322036,0.01197948360933768,MOEX
2025-06-27,198.3,804,-0.007185418951329993,0.012301224290080466,MOEX
2025-06-30,200.39,1532,0.006910393047830811,0.0118211179066553,MOEX
2025-07-01,200.99,810,0.0014438997753682295,0.010732630897093268,MOEX
2025-07-02,201.2,7820470,0.002936713491587086,0.009628079873743034,MOEX
2025-07-03,199.11,3730910,-0.005159685836366568,0.009598290660481625,MOEX
2025-07-04,199.49,686,-0.002553256787717178,0.009645565000670153,MOEX
2025-07-07,194.49,1656,-0.019299425297359153,0.010860107537973004,MOEX
2025-07-08,192.17,1062,-0.008188271289120698,0.00858986127885768,MOEX
2025-07-09,190.55,1279,-0.008569838726443972,0.006959633414444019,MOEX
2025-07-10,172.73,24526570,-0.11168563283357875,0.0258731972702114,MOEX
2025-07-11,170.3,1378,-0.019480191521440343,0.02578020933405503,MOEX
2025-07-14,172.0,1887,0.016235740393458733,0.02601836579688722,MOEX
2025-07-15,172.0,1185,-0.003308474446034446,0.025989318500770613,MOEX
2025-07-16,172.07,6205560,0.006179336440103793,0.02603924187819704,MOEX
2025-07-17,171.89,921,-0.006379052018820591,0.026197559255446912,MOEX
2025-07-18,174.05,801,0.02248591383603656,0.02692000382737658,MOEX
2025-07-21,178.48,1596,0.025478723825652083,0.0276923059071895,MOEX
2025-07-22,180.5,880,0.01692919722646212,0.02807917696692507,MOEX
2025-07-23,178.67,8672340,-0.005024575108730641,0.028048724982295246,MOEX
2025-07-24,179.46,597,0.0006131378916202022,0.011334386112398596,MOEX
2025-07-25,178.83,2516,-0.0009501719408100793,0.010245169651599993,MOEX
2025-07-28,174.62,1533,-0.0186094102891279,0.010693047531359313,MOEX
2025-07-29,175.77,5011650,0.004676103411110056,0.010672011571197362,MOEX
2025-07-30,174.99,715,-0.005016256314616846,0.010581196752373142,MOEX
2025-07-31,174.88,654,0.003953366938858111,0.010498268926533164,MOEX
2025-08-01,175.92,951,0.009251393720530477,0.009160172450564006,MOEX
2025-08-04,177.24,1349,0.016726793805313583,0.008314970984658714,MOEX
2025-08-05,177.85,884,0.006770124589309984,0.007410087079169842,MOEX
2025-08-06,180.96,938,0.023992426743221367,0.00921705198862594,MOEX
2025-08-07,182.76,1081,0.022857189234277656,0.010957396699796866,MOEX
2025-08-08,184.89,906,0.024418162722054257,0.012556582728514407,MOEX
2025-08-11,183.49,13157010,0.003329970050361821,0.01188883281124786,MOEX
2025-08-12,184.5,632,0.002768055174579773,0.01187754867859419,MOEX
2025-08-13,185.93,874,0.007720795311389473,0.011805851746942831,MOEX
2025-08-14,187.06,672,0.01432210988391135,0.012230602397980163,MOEX
2025-08-15,187.66,6462060,0.004968091630915087,0.012120727517556655,MOEX
2025-08-18,186.0,1592,-0.019802627296179754,0.012627455634158851,MOEX
2025-08-19,187.7,652,0.007218317667195576,0.01256428836550059,MOEX
2025-08-20,185.77,559,-0.002741568710863598,0.011597356676616552,MOEX
2025-08-21,181.75,3952550,-0.019290048880694362,0.010946644722381023,MOEX
2025-08-22,184.18,4363480,0.006591335316746372,0.009190586134192616,MOEX
2025-08-25,183.42,899,-0.00792836083532719,0.009038747606745137,MOEX
2025-08-26,181.91,440,-0.0015929255517331575,0.009102635622731472,MOEX
2025-08-27,182.71,504,0.005213060890787505,0.008994970843523561,MOEX
2025-08-28,180.93,626,-0.005511781577707127,0.008183152709301167,MOEX
2025-08-29,179.0,2421840,-0.006070920091106486,0.008101092837145933,MOEX
2025-09-01,178.0,1182,-0.006160758774580886,0.0064433939171492415,MOEX
2025-09-02,177.12,738,-0.0026500537061770603,0.005955394895932209,MOEX
2025-09-03,176.43,529,0.0007371077361497851,0.005920565578771716,MOEX
2025-09-04,175.94,2287480,-0.0007386154138242693,0.004426007249318898,MOEX
2025-09-05,175.23,562,-0.00028529856688347806,0.0034558062096826216,MOEX
2025-09-08,177.16,988,0.009699177025773472,0.004033339367262704,MOEX
2025-09-09,180.07,602,0.0126300997135575,0.005078698911837882,MOEX
2025-09-10,177.4,594,-0.007245391015090753,0.005309230238043984,MOEX
2025-09-11,175.57,565,-0.005396360620229367,0.005326265368636888,MOEX
2025-09-12,175.62,827,0.0011394714086141026,0.005178792544972571,MOEX
2025-09-15,172.59,1042,-0.0011002693874262784,0.006108076365060505,MOEX
2025-09-16,170.52,699,-0.010442588257998497,0.00642254936310186,MOEX
2025-09-17,170.92,4348330,-0.0008772186883763395,0.00646678177199995,MOEX
2025-09-18,171.87,542,-0.006379791967235832,0.007238944025170162,MOEX
2025-09-19,170.8,569,-0.0002926972068312172,0.007296572335648853,MOEX
2025-09-22,170.95,780,0.007221095751186079,0.007235903592664545,MOEX
2025-09-23,169.43,532,-0.005063003868498291,0.006293357124315553,MOEX
2025-09-24,170.53,621,0.016913472375106476,0.007787931239774232,MOEX
2025-09-25,169.45,508,0.001062824852054406,0.007875043341245573,MOEX
2025-09-26,167.9,618,-0.001071492453249927,0.007244448311917338,MOEX
2025-09-29,168.12,1002,-0.0041550484186578555,0.0074380928979659025,MOEX
2025-09-30,165.35,628,-0.0033810332274622663,0.007576851418461963,MOEX
2025-10-01,162.8,3067590,-0.010509689793783425,0.007100267001981952,MOEX
2025-10-02,163.45,580,-0.010528655212351388,0.00823592880403334,MOEX
2025-10-03,159.5,835,-0.015181974033068974,0.008721551652492469,MOEX
2025-10-06,161.15,1224,0.011420849948003513,0.008955696313737998,MOEX
2025-10-07,163.23,2768310,0.010036103078948585,0.009449473547985096,MOEX
2025-10-08,161.86,736,-0.014170712238870902,0.008791716588606174,MOEX
2025-10-09,161.8,601,0.021805868538705135,0.011260523095962814,MOEX
2025-10-10,158.73,581,-0.0003149507128173334,0.0118014874247928,MOEX
2025-10-13,156.76,5812730,0.00019139366545388174,0.0118608323500911,MOEX
2025-10-14,156.31,2929470,-0.016433858635290476,0.01262199165183722,MOEX
2025-10-15,155.5,641,-0.009536377432937348,0.012677800600225804,MOEX
2025-10-16,167.43,929,0.07469162394617723,0.02101133143244129,MOEX
2025-10-17,169.08,505,0.011959089428902288,0.020619224512775466,MOEX
2025-10-20,174.05,1284,0.0358549387450704,0.02194821598064471,MOEX
2025-10-21,169.96,499,-0.02072975127200816,0.02259269574561927,MOEX
2025-10-22,170.43,507,0.011092213557075396,0.0224843237135066,MOEX
2025-10-23,169.95,643,0.010469441737373084,0.021687517056065787,MOEX
2025-10-24,166.9,433,-0.004423992389081282,0.02150053282206066,MOEX
2025-10-27,162.97,5826160,-0.016854160632999108,0.02177100615621268,MOEX
2025-10-28,160.11,806,-0.02820383987215377,0.022365312279215666,MOEX
2025-10-29,160.0,693,-0.008402103264143902,0.022375291848074935,MOEX
2025-10-30,164.74,398,0.026074530943032147,0.015644365617159886,MOEX
2025-10-31,161.43,4990110,-0.011823525877641104,0.01559360250342346,MOEX
2025-11-01,162.92,608,-0.0026358552668674195,0.013224095761647568,MOEX
2025-11-03,163.2,407,0.014255540867063092,0.013337820775567645,MOEX
2025-11-05,162.09,561,0.000555401291700105,0.012975456061215588,MOEX
2025-11-06,160.48,1799070,0.0009351330128791966,0.012553520610194421,MOEX
2025-11-07,162.2,2641270,0.001295536749265816,0.012566283294436393,MOEX
2025-11-10,163.94,903,0.01586261357892819,0.012534645359709861,MOEX
2025-11-11,164.98,423,0.008950103886090676,0.010571614561326423,MOEX
2025-11-12,162.39,459,-0.013517438765973321,0.010797767177576528,MOEX
2025-11-13,165.01,497,0.00876504485427924,0.009363230488255672,MOEX
2025-11-14,163.45,484,0.00024475310652682074,0.009007423764380596,MOEX
2025-11-17,161.3,1003,-0.008519095907860532,0.008862719251342698,MOEX
2025-11-18,161.9,451,0.01211759428806244,0.008433165211051103,MOEX
2025-11-19,169.98,690,0.04981433829791007,0.013897038877038139,MOEX
2025-11-20,172.13,7613510,0.020720959715659393,0.014350047217932356,MOEX
2025-11-21,172.1,7605170,-0.00579375896466986,0.014433833705328266,MOEX
2025-11-24,172.91,989,0.0030118760098107418,0.014002467861353778,MOEX
2025-11-25,176.41,782,0.015250902476539959,0.014163260481483288,MOEX
2025-11-26,173.37,457,-0.012894530934053213,0.014179414297978584,MOEX
2025-11-27,169.85,706,-0.019589036575595877,0.01495193024968215,MOEX
2025-11-28,171.15,4596250,0.019290926510804284,0.015554186003464572,MOEX
2025-12-01,172.39,931,0.0019160987136850986,0.015249719857563704,MOEX
2025-12-02,170.88,355,-0.0019293174448965177,0.015091492651793256,MOEX
2025-12-03,170.24,587,-0.00023493480667195442,0.010266504697626749,MOEX
2025-12-04,170.02,2415930,-0.0032296924635687326,0.008925138848724834,MOEX
2025-12-05,172.01,558,0.013225848219494,0.00927191459519099,MOEX
2025-12-08,173.33,801,-0.002074809112702223,0.009514493585469042,MOEX
2025-12-09,175.84,464,0.016861097966066333,0.009610031675387088,MOEX
2025-12-10,177.97,604,0.018029743414899095,0.009988062657573848,MOEX
2025-12-11,181.2,632,0.02243522862499254,0.009891759219884742,MOEX
2025-12-12,176.51,563,-0.020356794363409186,0.010160130347855015,MOEX
2025-12-15,178.97,939,0.020206128259270508,0.011134913672948487,MOEX
2025-12-16,181.23,423,0.012604625636885369,0.011147281370938832,MOEX
2025-12-17,179.55,4126010,-0.002392012933710498,0.011316796970565085,MOEX
2025-12-18,178.49,483,-0.002853228599338528,0.011379275981716477,MOEX
2025-12-19,178.29,521,-0.001177163173014863,0.011093136428619317,MOEX
2025-12-22,175.22,737,-0.013209932150879159,0.011406069105045945,MOEX
2025-12-23,176.58,3361280,0.009845567964051562,0.010898571468967989,MOEX
2025-12-24,176.89,389,0.0008483443655577092,0.010048647336636695,MOEX
2025-12-25,174.02,468,-0.014037320367313878,0.008954858990759349,MOEX
2025-12-26,177.4,518,0.021422879444086395,0.00913536310935566,MOEX
2025-12-29,175.18,7526780,-0.009827111945579454,0.008160491959557365,MOEX
2025-12-30,173.3,5605720,-0.015346155495854191,0.008162907030291742,MOEX
2026-01-05,172.95,696,-0.010239389967769278,0.0086926565626753,MOEX
2026-01-06,172.48,622,0.003252035386377316,0.008808058370839473,MOEX
2026-01-08,171.99,370,-0.00046503517666516485,0.008811875304627823,MOEX
2026-01-09,174.22,343,0.016552261691307257,0.00929034361282508,MOEX
2026-01-12,173.0,654,-0.002943640115801383,0.009016061825072929,MOEX
2026-01-13,171.46,659,-0.009057191501618347,0.009169104512735764,MOEX
2026-01-14,172.26,489,0.008160455637554949,0.008936219653849067,MOEX
2026-01-15,173.13,2939350,0.007653542317109039,0.007589640993085627,MOEX
2026-01-16,176.1,3329970,0.01562397650436403,0.008158188006106458,MOEX
2026-01-19,177.98,990,0.009824481934628461,0.007509014317348754,MOEX
2026-01-20,180.58,561,0.020137161040129112,0.008203053207692034,MOEX
2026-01-21,182.79,505,0.016214782786879708,0.008694350053711436,MOEX
2026-01-22,180.19,1051,-0.00823504805858025,0.009163268590052056,MOEX
2026-01-23,181.45,2957490,0.006857296128899528,0.00852467590476945,MOEX
2026-01-26,180.6,1242,-0.007667099529430534,0.0086244831705728,MOEX
2026-01-27,184.8,811,0.027206592502257525,0.010002440344265418,MOEX
2026-01-28,183.19,627,-0.010264298441431148,0.010313880868102072,MOEX
2026-01-29,184.89,7329180,0.007219464115628716,0.010221761355704205,MOEX
2026-01-30,181.98,7579540,-0.019535378427702758,0.010993514625197931,MOEX
2026-02-02,182.0,943,-0.00771739688614589,0.011118874186746765,MOEX
2026-02-03,188.17,942,0.03103408880454073,0.012183510935620147,MOEX
2026-02-04,183.79,879,-0.01993170917747671,0.012637956440761728,MOEX
2026-02-05,180.6,586,-0.011013327177983052,0.012761874159112285,MOEX
2026-02-06,179.17,3629580,-0.011487043987131037,0.012945508713263217,MOEX
2026-02-09,178.3,1062,-0.013923923088981435,0.013361762648333948,MOEX
2026-02-10,178.81,594,0.0028562647180168333,0.011689628236397175,MOEX
2026-02-11,179.41,511,0.004693008222259751,0.011573633468413705,MOEX
2026-02-12,180.78,4512940,0.007217041262482333,0.011556600479236475,MOEX
2026-02-13,183.4,543,0.012068166213485691,0.011039903953901769,MOEX
2026-02-16,181.19,754,-0.00879174848049649,0.010967189879868623,MOEX
2026-02-17,181.8,524,0.004133945531728332,0.008195823075213528,MOEX
2026-02-18,181.59,531,0.002646817095260983,0.007031487816178143,MOEX
2026-02-19,182.01,429,0.009106777069432586,0.006917782878193407,MOEX
2026-02-20,181.5,521,0.0017094492568892556,0.006418644901853993,MOEX
2026-02-24,183.19,1219,0.010812102803453167,0.005609754139739069,MOEX
2026-02-25,184.2,588,0.0063720499893356415,0.00572909701482817,MOEX
2026-02-26,183.25,2024620,-0.006798122713820985,0.0059397760325502055,MOEX
2026-02-27,183.19,498,-0.0011456942249967322,0.005775346080806215,MOEX
2026-03-02,182.17,1384,-0.009778025628985583,0.0056308377215565026,MOEX
2026-03-03,180.0,594,-0.00426865409655264,0.005581259897865868,MOEX
2026-03-04,178.73,2860700,-0.0026820153530102437,0.005564836204756518,MOEX
2026-03-05,177.77,1012,-0.008067722620703191,0.005763305113659891,MOEX
2026-03-06,176.02,846,-0.0038557543799848785,0.005230957383115653,MOEX
2026-03-09,177.0,861,0.0039626431700045305,0.005327632315030197,MOEX
2026-03-10,177.0,3856000,0.0010174665961707266,0.0045567259639840854,MOEX
2026-03-11,173.81,6212460,-0.029925724203259493,0.008198286838483839,MOEX
2026-03-12,175.09,828,-0.0013697850438116428,0.008493506631573526,MOEX
2026-03-13,175.35,769,0.006924403185717618,0.008748849820334666,MOEX
2026-03-16,174.9,1230,0.0018885746878681546,0.008513989911524677,MOEX
2026-03-17,175.79,542,0.007250752556390783,0.008619931761620271,MOEX
2026-03-18,174.99,3127610,-0.002340250504426703,0.008587860234446344,MOEX
2026-03-19,174.61,639,-0.0022310583894778416,0.008398782501812337,MOEX
2026-03-20,175.8,612,0.009832021583498713,0.008617158291430409,MOEX
2026-03-23,174.82,766,-0.00131477424833295,0.009218689289736308,MOEX
2026-03-24,173.46,2014830,-0.006092322999099126,0.008800091561201475,MOEX
2026-03-25,174.77,764,0.009254801204490098,0.005800071490141115,MOEX
2026-03-26,171.88,740,-0.007361711941636666,0.006243303161858315,MOEX
2026-03-27,170.8,691,-0.009208060864783612,0.006285742134042065,MOEX
2026-03-30,170.79,1170,0.00017566974133890567,0.006253351725564918,MOEX
2026-03-31,169.8,4330910,0.000294507438441432,0.006041811955474872,MOEX
2026-04-01,170.45,687,0.007656103357194446,0.006404583500847597,MOEX
2026-04-02,169.4,719,0.00035425400382278755,0.006511181034425396,MOEX
2026-04-03,168.0,714,-0.0011303133360825582,0.005554976332204515,MOEX
2026-04-06,170.67,4992790,0.017316705874400033,0.006659176562859395,MOEX
2026-04-07,170.62,596,0.00017584478812047145,0.006561316218856112,MOEX
2026-04-08,171.0,597,0.0017559267022650125,0.006166419992325987,MOEX
2026-04-09,170.5,543,-0.0021092109999012432,0.0056531304321618975,MOEX
2026-04-10,169.0,769,-0.003720879584558001,0.005388222773823183,MOEX
2026-04-13,168.3,2689100,0.0004754546624692587,0.00546757996125868,MOEX
2026-04-14,171.4,668,0.010616246808370316,0.006104334116545357,MOEX
2026-04-15,171.6,724,0.010898332512331103,0.006689719840309852,MOEX
2026-04-16,171.98,473,0.0037283044468525072,0.006547475713082369,MOEX
2026-04-17,171.86,2647510,-0.00133740389174258,0.006281444804060337,MOEX
2026-04-20,171.8,1015,-0.00354435163760474,0.0050980011856202375,MOEX
2026-04-21,174.6,633,0.01972359261881483,0.006769964966710957,MOEX
2026-04-22,175.02,534,-0.0001713942929896398,0.0067813835932849995,MOEX
2026-04-23,176.95,527,0.016007633391002942,0.007637675101908977,MOEX
2026-04-24,173.99,593,-0.01415306395651691,0.008280035603292796,MOEX
2026-04-27,172.98,846,-0.0023674116782157082,0.00828205247842905,MOEX
2026-04-28,170.01,709,-0.011753490273695984,0.00838439355571333,MOEX
2026-04-29,170.19,1021,0.0011170229563236614,0.0076891492789256536,MOEX
2026-04-30,168.61,849,-0.002961034971704073,0.007746830613249959,MOEX
